{
  "pages/errors/404": "{{#partial \"page\"}}\r\n\r\n{{> components/common/breadcrumbs breadcrumbs=breadcrumbs}}\r\n\r\n<main class=\"page\">\r\n    <section class=\"page-content page-content--centered\">\r\n        <h1 class=\"page-heading\">{{lang 'page_not_found.page_heading'}}</h1>\r\n        <p class=\"u-textAlignCenter\">\r\n            {{lang 'page_not_found.message'}}\r\n        </p>\r\n\r\n        {{> components/common/search-box}}\r\n    </section>\r\n</main>\r\n\r\n{{/partial}}\r\n{{> layout/base}}\r\n",
  "components/common/breadcrumbs": "<nav aria-label=\"Breadcrumb\">\r\n    <ol class=\"breadcrumbs\">\r\n        {{#unless theme_settings.hide_breadcrumbs }}\r\n            {{#each breadcrumbs}}\r\n                <li class=\"breadcrumb {{#if @last}}is-active{{/if}}\">\r\n                    <a class=\"breadcrumb-label\"\r\n                       href=\"{{url}}\"\r\n                       {{#if @last}}aria-current=\"page\"{{/if}}\r\n                    >\r\n                        <span>{{name}}</span>\r\n                    </a>\r\n                </li>\r\n            {{/each}}\r\n        {{/unless}}\r\n    </ol>\r\n</nav>\r\n\r\n<script type=\"application/ld+json\">\r\n{\r\n    \"@context\": \"https://schema.org\",\r\n    \"@type\": \"BreadcrumbList\",\r\n    \"itemListElement\":\r\n    [\r\n        {{#each breadcrumbs}}\r\n        {\r\n            \"@type\": \"ListItem\",\r\n            \"position\": {{add @index 1}},\r\n            \"item\": {\r\n                \"@id\": {{{JSONstringify url}}},\r\n                \"name\": {{{JSONstringify name}}}\r\n            }\r\n        }{{#unless @last}},{{/unless}}\r\n        {{/each}}\r\n    ]\r\n}\r\n</script>\r\n",
  "components/common/search-box": "<form class=\"form\"  action=\"{{urls.search}}\">\r\n    <fieldset class=\"form-fieldset\">\r\n        <div class=\"form-field\">\r\n            <label class=\"form-label is-srOnly\" for=\"search_query_adv\">{{lang 'search.results.form_label'}}</label>\r\n            <div class=\"form-prefixPostfix wrap\">\r\n                <input class=\"form-input\" id=\"search_query_adv\" name=\"search_query_adv\" value=\"{{forms.search.query}}\">\r\n                <input class=\"button button--primary form-prefixPostfix-button--postfix\" type=\"submit\" value=\"{{lang 'search.results.form_button_text'}}\">\r\n            </div>\r\n        </div>\r\n    </fieldset>\r\n</form>\r\n",
  "layout/base": "<!DOCTYPE html>\r\n<html class=\"no-js\" lang=\"{{ locale_name }}\">\r\n    <head>\r\n        <title>{{ head.title }}</title>\r\n        {{{ resourceHints }}}\r\n        {{{ head.meta_tags }}}\r\n        {{{ head.config }}}\r\n        {{#block \"head\"}} {{/block}}\r\n\r\n        <link href=\"{{ head.favicon }}\" rel=\"shortcut icon\">\r\n        <meta name=\"viewport\" content=\"width=device-width, initial-scale=1\">\r\n\r\n        <script>\r\n            {{!-- Change document class from no-js to js so we can detect this in css --}}\r\n            document.documentElement.className = document.documentElement.className.replace('no-js', 'js');\r\n        </script>\r\n\r\n        {{> components/common/polyfill-script }}\r\n        <script>window.consentManagerTranslations = `{{{langJson 'consent_manager'}}}`;</script>\r\n\r\n        {{!-- Load Lazysizes script ASAP so images will appear --}}\r\n        <script>\r\n            {{!-- Only load visible elements until the onload event fires, after which preload nearby elements. --}}\r\n            window.lazySizesConfig = window.lazySizesConfig || {};\r\n            window.lazySizesConfig.loadMode = 1;\r\n        </script>\r\n        <script async src=\"{{cdn 'assets/dist/theme-bundle.head_async.js' resourceHint='preload' as='script'}}\"></script>\r\n        \r\n        {{getFontsCollection font-display='block'}}\r\n        \r\n        <script async src=\"{{cdn 'assets/dist/theme-bundle.font.js' resourceHint='preload' as='script'}}\"></script>\r\n\r\n        {{{stylesheet '/assets/css/theme.css'}}}\r\n\r\n        {{{head.scripts}}}\r\n\r\n        {{~inject 'zoomSize' theme_settings.zoom_size}}\r\n        {{~inject 'productSize' theme_settings.product_size}}\r\n        {{~inject 'genericError' (lang 'common.generic_error')}}\r\n        {{~inject 'urls' urls}}\r\n        {{~inject 'secureBaseUrl' settings.secure_base_url}}\r\n        {{~inject 'cartId' cart_id}}\r\n        {{~inject 'template' template}}\r\n        {{~inject 'validationDictionaryJSON' (langJson 'validation_messages')}}\r\n        {{~inject 'validationFallbackDictionaryJSON' (langJson 'validation_fallback_messages')}}\r\n        {{~inject 'validationDefaultDictionaryJSON' (langJson 'validation_default_messages')}}\r\n        {{~inject 'carouselArrowAndDotAriaLabel' (lang 'carousel.arrow_and_dot_aria_label')}}\r\n        {{~inject 'carouselActiveDotAriaLabel' (lang 'carousel.active_dot_aria_label')}}\r\n        {{~inject 'carouselContentAnnounceMessage' (lang 'carousel.content_announce_message')}}\r\n        {{~inject \"settings\" settings}}\r\n    </head>\r\n    <body class=\"{{page_type}}-template {{dashcase template}}-template\" data-token=\"{{settings.storefront_api.token}}\">\r\n        <svg data-src=\"{{cdn 'img/icon-sprite.svg'}}\" class=\"icons-svg-sprite\"></svg>\r\n\r\n        {{> components/common/header }}\r\n        {{> components/common/body }}\r\n        {{> components/common/footer }}\r\n\r\n        <script>window.__webpack_public_path__ = \"{{cdn 'assets/dist/'}}\";</script>\r\n        <script>\r\n            {{!-- Exported in app.js --}}\r\n            function onThemeBundleMain() {\r\n                window.stencilBootstrap(\"{{page_type}}\", {{jsContext}}).load();\r\n\r\n                function browserSupportsFormData() {\r\n                    return typeof FormData !== 'undefined' \r\n                        && !!FormData.prototype.keys;\r\n                }\r\n                function loadFormDataPolyfillScript(src) {\r\n                    var formDataPolyfillScript = document.createElement('script');\r\n                    formDataPolyfillScript.src = src;\r\n                    formDataPolyfillScript.onerror = function () {\r\n                        console.error('Failed to load formData polyfill script ' + src);\r\n                    };\r\n                    document.body.appendChild(formDataPolyfillScript);\r\n                }\r\n\r\n                if (!browserSupportsFormData()) {\r\n                    loadFormDataPolyfillScript('{{cdn 'assets/dist/theme-bundle.polyfill_form_data.js'}}');\r\n                }\r\n            }\r\n        </script>\r\n        <script async defer src=\"{{cdn 'assets/dist/theme-bundle.main.js' resourceHint='preload' as='script'}}\" onload=\"onThemeBundleMain()\"></script>\r\n\r\n        {{{footer.scripts}}}\r\n    </body>\r\n</html>\r\n",
  "components/common/header": "<a href=\"#main-content\" class=\"skip-to-main-link\">{{lang 'header.skip_to_main'}}</a>\r\n{{#if banners.top}}\r\n<div class=\"banners\" data-banner-location=\"top\">\r\n    {{#each (limit banners.top_metadata 1)}}\r\n    <div class=\"banner\" data-event-type=\"promotion\" data-entity-id=\"{{this.id}}\" data-name=\"{{this.banner-name}}\" data-position=\"{{this.location}}\" data-banner-id=\"{{this.banner-name}}\">\r\n        <div data-event-type=\"promotion-click\">\r\n            {{{this.content}}}\r\n        </div>\r\n    </div>\r\n    {{/each}}\r\n</div>\r\n{{/if}}\r\n<header class=\"header\" role=\"banner\">\r\n    \r\n    {{> components/common/navigation}}\r\n\r\n    <div class=\"header-logo-wrapper\">\r\n        <div class=\"container header-container\">\r\n            <div class=\"header-left\">\r\n                <ul class=\"navUser-section navUser-section--left\">\r\n                    <li class=\"navUser-item\">\r\n                        <a href=\"#\" class=\"mobileMenu-toggle\" data-mobile-menu-toggle=\"menu\">\r\n                            <span class=\"mobileMenu-toggleIcon\">Toggle menu</span>\r\n                        </a>\r\n                    </li>\r\n                </ul>\r\n                {{> components/common/quick-search name='nav-quick-search'}}\r\n            </div>\r\n            {{#if page_type '===' 'default'}}\r\n                <h1 class=\"header-logo header-logo--{{theme_settings.logo-position}}\">\r\n                    {{> components/common/store-logo}}\r\n                </h1>\r\n            {{else}}\r\n                <div class=\"header-logo header-logo--{{theme_settings.logo-position}}\">\r\n                    {{> components/common/store-logo}}\r\n                </div>\r\n            {{/if}}\r\n            <ul class=\"navUser-section navUser-section--right\">\r\n                {{#if settings.show_wishlist}}\r\n                    <li class=\"navUser-item navUser-item--wishlist\">\r\n                        <a class=\"navUser-action\"\r\n                        href=\"{{urls.account.wishlists.all}}\"\r\n                        aria-label=\"{{lang 'account.nav.wishlist'}}\"\r\n                        >\r\n                            <svg class=\"navUser-icon icon icon-wishlist\">\r\n                                <use href=\"#icon-wishlist\" />\r\n                            </svg>\r\n                            <span class=\"hidden\">{{lang 'account.nav.wishlist'}}</span>\r\n                        </a>\r\n                    </li>\r\n                {{/if}}                \r\n                <li class=\"navUser-item navUser-item--projects\">\r\n                    <a class=\"navUser-action\"\r\n                    href=\"/\"\r\n                    aria-label=\"{{lang 'account.nav.my_projects'}}\"\r\n                    >\r\n                        {{lang 'account.nav.my_projects'}}\r\n                        <span class=\"projectsPill project-quantity\">1</span>\r\n                    </a>\r\n                </li>\r\n                <li class=\"navUser-item navUser-item--account\">\r\n                        <a class=\"navUser-action\"\r\n                        href=\"{{urls.account.index}}\"\r\n                        aria-label=\"{{#if customer}}{{lang 'common.account'}}{{else}}{{lang 'common.login'}}{{/if}}\"\r\n                        >\r\n                            <svg class=\"navUser-icon icon icon-user\">\r\n                                <use href=\"#icon-user\" />\r\n                            </svg> \r\n                            <span class=\"hidden\">{{lang 'common.login'}}</span>\r\n                            <svg class=\"navUser-icon icon icon-dropdown\">\r\n                                <use href=\"#icon-dropdown\" />\r\n                            </svg> \r\n                        </a>\r\n                        <div class=\"account-links\">\r\n                          <ul>\r\n                            <li>\r\n                                <a class=\"navUser-action\"\r\n                                href=\"{{urls.auth.login}}\"\r\n                                aria-label=\"{{lang 'common.login'}}\"\r\n                                >\r\n                                    {{lang 'common.login'}}\r\n                                </a>\r\n                            </li>\r\n                            <li>\r\n                                <a class=\"navUser-action\"\r\n                                href=\"{{urls.auth.create_account}}\"\r\n                                aria-label=\"{{lang 'common.sign_up'}}\"\r\n                                >\r\n                                    {{lang 'common.sign_up'}}\r\n                                </a>\r\n                            </li>\r\n                            <li>\r\n                                <a class=\"navUser-action\"\r\n                                href=\"/\"\r\n                                aria-label=\"{{lang 'account.nav.become_pro'}}\"\r\n                                >\r\n                                    {{lang 'account.nav.become_pro'}}\r\n                                </a>\r\n                            </li>\r\n                            <li>\r\n                                <a class=\"navUser-action\"\r\n                                href=\"/\"\r\n                                aria-label=\"{{lang 'account.nav.my_projects'}}\"\r\n                                >\r\n                                    {{lang 'account.nav.my_projects'}}\r\n                                </a>\r\n                            </li>\r\n                            <li>\r\n                                <a class=\"navUser-action\"\r\n                                href=\"{{urls.account.orders.all}}\"\r\n                                aria-label=\"{{lang 'account.nav.order_status'}}\"\r\n                                >\r\n                                    {{lang 'account.nav.order_status'}}\r\n                                </a>\r\n                            </li>\r\n                          </ul>  \r\n                        </div>\r\n                </li>\r\n                <li class=\"navUser-item navUser-item--cart\">\r\n                    <a class=\"navUser-action\"\r\n                    data-cart-preview\r\n                    data-dropdown=\"cart-preview-dropdown\"\r\n                    data-options=\"align:right\"\r\n                    href=\"{{urls.cart}}\"\r\n                    aria-label=\"{{lang 'cart.nav_aria_label'}}\"\r\n                    >\r\n                        <svg class=\"navUser-icon icon icon-cart\">\r\n                            <use href=\"#icon-cart\" />\r\n                        </svg>\r\n                        <span class=\"navUser-item-cartLabel hidden\">{{lang 'common.cart'}}</span>\r\n                        <span class=\"countPill cart-quantity\"></span>\r\n                    </a>\r\n                </li>\r\n            </ul>\r\n        </div>\r\n    </div>    \r\n    <div class=\"dropdown-menu\" id=\"cart-preview-dropdown\" aria-hidden=\"true\"></div>\r\n    <div class=\"slideCartOverlay\"></div>\r\n\r\n    <div class=\"navPages-container\" id=\"menu\" data-menu>\r\n        {{> components/common/navigation-menu}}\r\n    </div>\r\n    {{{region name=\"header_navigation_bottom--global\"}}}\r\n</header>\r\n{{{region name=\"header_bottom--global\"}}}\r\n{{{region name=\"header_bottom\"}}}\r\n",
  "components/common/body": "<div class=\"body\" id=\"main-content\" data-currency-code=\"{{currency_selector.active_currency_code}}\">\r\n    {{#block \"hero\"}} {{/block}}\r\n    <div class=\"container page-content-wrapper\">\r\n        {{#block \"page\"}} {{/block}}\r\n    </div>\r\n    {{> components/common/modal/modal}}\r\n    {{> components/common/alert/alert-modal}}\r\n</div>",
  "components/common/polyfill-script": "<script>\r\n    {{!--\r\n        Check for modern browser features, and load polyfills if browser does not appear to support features\r\n        we need.\r\n\r\n            Polyfill approach is all or nothing - please import needed polyfills in /assets/js/polyfills.js\r\n\r\n        Inspired by https://philipwalton.com/articles/loading-polyfills-only-when-needed/\r\n            --}}\r\n    function browserSupportsAllFeatures() {\r\n        return window.Promise\r\n            && window.fetch\r\n            && window.URL\r\n            && window.URLSearchParams\r\n            && window.WeakMap\r\n            // object-fit support\r\n            && ('objectFit' in document.documentElement.style);\r\n    }\r\n\r\n    function loadScript(src) {\r\n        var js = document.createElement('script');\r\n        js.src = src;\r\n        js.onerror = function () {\r\n            console.error('Failed to load polyfill script ' + src);\r\n        };\r\n        document.head.appendChild(js);\r\n    }\r\n\r\n    if (!browserSupportsAllFeatures()) {\r\n        loadScript('{{cdn 'assets/dist/theme-bundle.polyfills.js'}}');\r\n    }\r\n</script>\r\n",
  "components/common/footer": "{{#if banners.bottom}}\r\n    <div class=\"banners\" data-banner-location=\"bottom\">\r\n        {{#each (limit banners.bottom_metadata 1)}}\r\n            <div class=\"banner\" data-event-type=\"promotion\" data-entity-id=\"{{this.id}}\" data-name=\"{{this.banner-name}}\" data-position=\"{{this.location}}\" data-name=\"{{this.banner-name}}\">\r\n                <div data-event-type=\"promotion-click\">\r\n                    {{{this.content}}}\r\n                </div>\r\n            </div>\r\n        {{/each}}\r\n    </div>\r\n{{/if}}\r\n{{{region name=\"footer-top\"}}} \r\n{{{region name=\"footer-top--global\"}}} \r\n<footer class=\"footer\" role=\"contentinfo\">\r\n    <h2 class=\"footer-title-sr-only\">{{lang 'footer.title'}}</h2>\r\n    <div class=\"footer-top\">\r\n        <div class=\"container\">\r\n            <section class=\"footer-info\">\r\n                <article class=\"footer-info-col footer-info-col--small\" data-section-type=\"footer-links-1\">\r\n                    {{{region name=\"footer-links-1--global\"}}}                    \r\n                    {{#if theme_settings.social_icon_placement_bottom '==' 'bottom_left'}}\r\n                        {{> components/common/social-links}}\r\n                    {{/if}}\r\n                </article>\r\n\r\n                <article class=\"footer-info-col footer-info-col--small\" data-section-type=\"footer-links-2\">                    \r\n                    {{{region name=\"footer-links-2--global\"}}}\r\n                </article>\r\n\r\n                <article class=\"footer-info-col footer-info-col--small\" data-section-type=\"footer-links-3\">                    \r\n                    {{{region name=\"footer-links-3--global\"}}}\r\n                </article>\r\n\r\n                <article class=\"footer-info-col footer-info-col--small\" data-section-type=\"footer-links-4\">                    \r\n                    {{{region name=\"footer-links-4--global\"}}}\r\n                </article>\r\n\r\n                {{#and theme_settings.shop_by_brand_show_footer shop_by_brand.length}}\r\n                    <article class=\"footer-info-col footer-info-col--small\" data-section-type=\"footer-brands\">\r\n                        <h3 class=\"footer-info-heading\">{{lang 'footer.brands'}}</h3>\r\n                        <ul class=\"footer-info-list\">\r\n                            {{#each shop_by_brand}}\r\n                                <li>\r\n                                    <a href=\"{{url}}\">{{name}}</a>\r\n                                </li>\r\n                            {{/each}}\r\n                            <li><a href=\"{{urls.brands}}\">{{lang 'common.view_all'}}</a></li>\r\n                        </ul>\r\n                    </article>\r\n                {{/and}}\r\n\r\n                <article class=\"footer-info-col\" data-section-type=\"newsletterSubscription\">                \r\n                    {{#if settings.address}}\r\n                        <h3 class=\"footer-info-heading\">{{lang 'footer.info'}}</h3>\r\n                        <address>{{nl2br settings.address}}</address>\r\n                        {{#if settings.phone_number}}\r\n                            <strong>{{lang 'footer.call_us' phone_number=settings.phone_number}}</strong>\r\n                        {{/if}}\r\n                    {{/if}}\r\n                    {{#if settings.show_newsletter_box}}\r\n                        {{> components/common/subscription-form}}\r\n                    {{/if}}\r\n                    {{#if theme_settings.social_icon_placement_bottom '==' 'bottom_right'}}\r\n                        {{> components/common/social-links}}\r\n                    {{/if}}\r\n                    {{> components/common/payment-icons}}\r\n                </article>\r\n            </section>\r\n        </div>\r\n    </div>\r\n    \r\n    <div class=\"footer-bottom\">\r\n        <div class=\"container\">\r\n            {{#if theme_settings.show_powered_by}}\r\n                <div class=\"footer-copyright\">\r\n                    <p class=\"powered-by\">{{lang 'footer.powered_by'}} <a href=\"https://www.bigcommerce.com?utm_source=merchant&amp;utm_medium=poweredbyBC\" rel=\"nofollow\">BigCommerce</a></p>\r\n                </div>\r\n            {{/if}}\r\n            {{#if theme_settings.show_copyright_footer}}\r\n                <div class=\"footer-copyright\">\r\n                    <p class=\"powered-by\">Copyright {{moment format=\"YYYY\"}} &copy; {{settings.store_name}} </p>\r\n                </div>\r\n            {{/if}}\r\n            <div class=\"footer-bottom-links\">\r\n                {{{region name=\"footer-bottom--global\"}}}\r\n            </div>\r\n        </div>\r\n    </div>\r\n    {{{region name=\"ssl_site_seal--global\"}}}\r\n</footer>\r\n",
  "components/common/navigation": "<nav class=\"navUser\">\r\n    <div class=\"container\">\r\n        <div class=\"navuser-left\">\r\n            {{{region name=\"header_navuser_left--global\"}}}        \r\n            {{#or customer (unless settings.hide_price_from_guests)}}\r\n                {{> components/common/currency-selector}}\r\n            {{/or}}\r\n\r\n            {{#if theme_settings.show_channels}}\r\n                {{> components/common/channel-selector}}\r\n            {{/if}}\r\n        </div>\r\n        <div class=\"navuser-center\">\r\n            {{{region name=\"header_navuser_center--global\"}}}\r\n        </div> \r\n        <div class=\"navuser-right\">\r\n            <ul class=\"navUser-section navUser-section--alt\">\r\n                {{#if customer.store_credit.value '>' 0}}\r\n                    <li class=\"navUser-item\">\r\n                        <a class=\"navUser-action navUser-action--storeCredit\"\r\n                        data-dropdown=\"storeCredit-dropdown\"\r\n                        data-options=\"align:bottom\"\r\n                        href=\"{{urls.cart}}\"\r\n                        aria-label=\"{{lang 'common.store_credit_overview' credit=customer.store_credit.formatted}}\"\r\n                        >\r\n                            <span class=\"navUser-action-divider\">\r\n                                {{lang 'common.store_credit_overview' credit=customer.store_credit.formatted}}\r\n                            </span>\r\n                        </a>\r\n                        <div class=\"dropdown-menu\" id=\"storeCredit-dropdown\" data-dropdown-content aria-hidden=\"true\">\r\n                            {{{lang 'common.store_credit' store_credit=customer.store_credit.formatted}}}\r\n                        </div>\r\n                    </li>\r\n                {{/if}}\r\n                {{#if theme_settings.social_icon_placement_top}}\r\n                    <li class=\"navUser-item navUser-item--social\">\r\n                        {{> components/common/social-links}}\r\n                    </li>\r\n                    <li class=\"navUser-item navUser-item--divider\">|</li>\r\n                {{/if}}\r\n                {{#if settings.gift_certificates_enabled}}\r\n                    <li class=\"navUser-item\">\r\n                        <a class=\"navUser-action\"\r\n                        href=\"{{urls.gift_certificate.purchase}}\"\r\n                        aria-label=\"{{lang 'common.gift_cert'}}\"\r\n                        >\r\n                            {{lang 'common.gift_cert'}}\r\n                        </a>\r\n                    </li>\r\n                {{/if}}\r\n                <li class=\"navUser-item navUser-item--account\">\r\n                    {{#if customer}}\r\n                        <a class=\"navUser-action\"\r\n                        href=\"{{urls.account.index}}\"\r\n                        aria-label=\"{{lang 'common.account'}}\"\r\n                        >\r\n                            {{lang 'common.account'}}\r\n                        </a>\r\n                        <a class=\"navUser-action\"\r\n                        href=\"{{urls.auth.logout}}\"\r\n                        aria-label=\"{{lang 'common.logout'}}\"\r\n                        >\r\n                            {{lang 'common.logout'}}\r\n                        </a>\r\n                    {{else}}\r\n                        <span class=\"pro-user\">{{lang 'common.pro_user'}}</span>\r\n                        <a class=\"navUser-action\"\r\n                        href=\"{{urls.auth.login}}\"\r\n                        aria-label=\"{{lang 'common.login'}}\"\r\n                        >\r\n                            {{lang 'common.login'}}\r\n                        </a>\r\n                        {{#if settings.account_creation_enabled}}\r\n                            <span class=\"navUser-or\">{{lang 'common.or'}}</span>\r\n                            <a class=\"navUser-action\"\r\n                            href=\"{{urls.auth.create_account}}\"\r\n                            aria-label=\"{{lang 'common.sign_up'}}\"\r\n                            >\r\n                                {{lang 'common.sign_up'}}\r\n                            </a>\r\n                        {{/if}}\r\n                    {{/if}}\r\n                </li>\r\n            </ul>\r\n        </div>\r\n    </div> \r\n</nav>\r\n",
  "components/common/quick-search": "<div class=\"search-container\">\r\n    <form class=\"form\" data-url=\"{{urls.search}}\" data-quick-search-form>\r\n        <fieldset class=\"form-fieldset\">\r\n            <div class=\"form-field\">\r\n                <label class=\"is-srOnly\" for=\"{{name}}\">{{lang \"search.quick_search.input_label\"}}</label>\r\n                <input class=\"form-input\"\r\n                    data-search-quick\r\n                    name=\"{{name}}\"\r\n                    id=\"{{name}}\"\r\n                    data-error-message=\"{{lang 'search.error.empty_field'}}\"\r\n                    placeholder=\"{{lang 'search.quick_search.input_placeholder'}}\"\r\n                    autocomplete=\"off\"\r\n                >\r\n                <button type=\"submit\">\r\n                    <svg class=\"navUser-icon icon icon-search\">\r\n                        <use href=\"#icon-search\" />\r\n                    </svg>\r\n                </button>                \r\n                {{> components/common/modal/modal-close-btn additional_attr='data-drop-down-close'}}\r\n            </div>\r\n        </fieldset>\r\n    </form>\r\n    <section class=\"quickSearchResults\" data-bind=\"html: results\"></section>\r\n    <p role=\"status\"\r\n       aria-live=\"polite\"\r\n       class=\"aria-description--hidden\"\r\n       data-search-aria-message-predefined-text=\"{{{lang 'search.results.quick_count_live'}}}\"\r\n    ></p>\r\n</div>\r\n",
  "components/common/modal/modal": "<div id=\"modal\" class=\"modal\" data-reveal data-prevent-quick-search-close>\r\n    {{> components/common/modal/modal-close-btn}}\r\n    <div id=\"modal-content\" class=\"modal-content\"></div>\r\n    <div class=\"loadingOverlay\"></div>\r\n</div>\r\n",
  "components/common/navigation-menu": "<nav class=\"navPages\">\r\n    <div class=\"navPages-quickSearch\">\r\n        {{> components/common/quick-search name='nav-menu-quick-search'}}\r\n    </div>\r\n    <ul class=\"navPages-list{{#if theme_settings.navigation_design '!==' 'simple'}} navPages-list-depth-max{{/if}}\">\r\n        {{#each categories}}\r\n            <li class=\"navPages-item\">\r\n            {{#if ../theme_settings.navigation_design '===' 'simple'}}\r\n                {{> components/common/navigation-list}}\r\n            {{/if}}\r\n            {{#if ../theme_settings.navigation_design '===' 'alternate'}}\r\n                {{> components/common/navigation-list-alternate}}\r\n            {{/if}}\r\n            </li>\r\n        {{/each}}\r\n        {{#unless theme_settings.hide_content_navigation}}\r\n            {{#each pages}}\r\n                 <li class=\"navPages-item navPages-item-page\">\r\n                     <a class=\"navPages-action{{#if name '==' ../page.title}} activePage{{/if}}\"\r\n                        href=\"{{url}}\"\r\n                        aria-label=\"{{name}}\"\r\n                     >\r\n                         {{name}}\r\n                     </a>\r\n                 </li>\r\n             {{/each}}\r\n        {{/unless}}\r\n    </ul>\r\n    <ul class=\"navPages-list navPages-list--user\">\r\n        {{#if currency_selector.currencies.length '>' 1}}\r\n            <li class=\"navPages-item\">\r\n                <a class=\"navPages-action has-subMenu\"\r\n                   href=\"#\"\r\n                   data-collapsible=\"navPages-currency\"\r\n                   aria-controls=\"navPages-currency\"\r\n                   aria-expanded=\"false\"\r\n                   aria-label=\"{{lang 'common.currency' code=currency_selector.active_currency_code}}\"\r\n                >\r\n                    {{lang 'common.currency' code=currency_selector.active_currency_code}}\r\n                    <i class=\"icon navPages-action-moreIcon\" aria-hidden=\"true\">\r\n                        <svg>\r\n                            <use href=\"#icon-chevron-down\"></use>\r\n                        </svg>\r\n                    </i>\r\n                </a>\r\n                <div class=\"navPage-subMenu\" id=\"navPages-currency\" aria-hidden=\"true\" tabindex=\"-1\">\r\n                    <ul class=\"navPage-subMenu-list\">\r\n                        {{#each currency_selector.currencies}}\r\n                        <li class=\"navPage-subMenu-item\">\r\n                            <a class=\"navPage-subMenu-action navPages-action\"\r\n                               href=\"{{{switch_url}}}\"\r\n                               aria-label=\"{{name}}\"\r\n                               data-currency-code=\"{{{code}}}\"\r\n                               {{#if cart_currency_switch_url.length '>' 0 }}\r\n                               data-cart-currency-switch-url=\"{{{cart_currency_switch_url}}}\"\r\n                               {{/if}}\r\n                               data-warning=\"{{lang 'common.currency_switch_promotion'}}\"\r\n                            >\r\n                                {{#if is_active}}\r\n                                    <strong>{{name}}</strong>\r\n                                {{else}}\r\n                                    {{name}}\r\n                                {{/if}}\r\n                            </a>\r\n                        </li>\r\n                        {{/each}}\r\n                    </ul>\r\n                </div>\r\n            </li>\r\n        {{/if}}\r\n        {{#if theme_settings.show_channels}}\r\n            <li class=\"navPages-item\">\r\n                {{> components/common/channel-selector-mobile}}\r\n            </li>\r\n        {{/if}}\r\n        {{#if settings.gift_certificates_enabled}}\r\n            <li class=\"navPages-item\">\r\n                <a class=\"navPages-action\"\r\n                   href=\"{{urls.gift_certificate.purchase}}\"\r\n                   aria-label=\"{{lang 'common.gift_cert'}}\"\r\n                >\r\n                    {{lang 'common.gift_cert'}}\r\n                </a>\r\n            </li>\r\n        {{/if}}\r\n        {{#if customer.store_credit.value '>' 0}}\r\n            <li class=\"navPages-item\">\r\n                <a class=\"navPages-action navPages-action--storeCredit\">\r\n                    {{lang 'common.store_credit_overview' credit=customer.store_credit.formatted}}\r\n                </a>\r\n            </li>\r\n        {{/if}}\r\n        {{#if theme_settings.product_list_display_mode '==' 'list'}}\r\n            <li class=\"navPages-item\">\r\n                <a class=\"navPages-action navPages-action--compare\"\r\n                   href=\"{{urls.compare}}\"\r\n                   data-compare-nav\r\n                   aria-label=\"{{lang 'common.compare'}}\"\r\n                >\r\n                    {{lang 'common.compare'}}\r\n                    <span class=\"countPill countPill--positive countPill--alt\"></span>\r\n                </a>\r\n            </li>\r\n        {{/if}}\r\n        {{!--\r\n            {{#if customer}}\r\n                <li class=\"navPages-item\">\r\n                    <a class=\"navPages-action has-subMenu\"\r\n                    href=\"{{urls.account.index}}\"\r\n                    data-collapsible=\"navPages-account\"\r\n                    aria-label=\"{{lang 'common.account'}}\"\r\n                    >\r\n                        {{lang 'common.account'}}\r\n                        <i class=\"icon navPages-action-moreIcon\" aria-hidden=\"true\">\r\n                            <svg><use href=\"#icon-chevron-down\" /></svg>\r\n                        </i>\r\n                    </a>\r\n                    <div class=\"navPage-subMenu\" id=\"navPages-account\" aria-hidden=\"true\" tabindex=\"-1\">\r\n                        <ul class=\"navPage-subMenu-list\">\r\n                            <li class=\"navPage-subMenu-item\">\r\n                                <a class=\"navPage-subMenu-action navPages-action\"\r\n                                href=\"{{urls.account.orders.all}}\"\r\n                                aria-label=\"{{lang 'account.nav.orders'}}\"\r\n                                >\r\n                                    {{lang 'account.nav.orders'}}\r\n                                </a>\r\n                            </li>\r\n                            {{#if settings.returns_enabled}}\r\n                                <li class=\"navPage-subMenu-item\">\r\n                                    <a class=\"navPage-subMenu-action navPages-action\"\r\n                                    href=\"{{urls.account.returns}}\"\r\n                                    aria-label=\"{{lang 'account.nav.returns'}}\"\r\n                                    >\r\n                                        {{lang 'account.nav.returns'}}\r\n                                    </a>\r\n                                </li>\r\n                            {{/if}}\r\n                            <li class=\"navPage-subMenu-item\">\r\n                                <a class=\"navPage-subMenu-action navPages-action\"\r\n                                href=\"{{urls.account.inbox}}\"\r\n                                aria-label=\"{{lang 'account.mobile_nav.messages'}}\"\r\n                                >\r\n                                    {{lang 'account.mobile_nav.messages'}}\r\n                                </a>\r\n                            </li>\r\n                            <li class=\"navPage-subMenu-item\">\r\n                                <a class=\"navPage-subMenu-action navPages-action\"\r\n                                href=\"{{urls.account.addresses}}\"\r\n                                aria-label=\"{{lang 'account.nav.addresses'}}\"\r\n                                >\r\n                                    {{lang 'account.nav.addresses'}}\r\n                                </a>\r\n                            </li>\r\n                            {{#if settings.show_payment_methods}}\r\n                                <li class=\"navPage-subMenu-item\">\r\n                                    <a class=\"navPage-subMenu-action navPages-action\"\r\n                                    href=\"{{urls.account.payment_methods.all}}\"\r\n                                    aria-label=\"{{lang 'account.nav.payment_methods'}}\"\r\n                                    >\r\n                                        {{lang 'account.nav.payment_methods'}}\r\n                                    </a>\r\n                                </li>\r\n                            {{/if}}\r\n                            <li class=\"navPage-subMenu-item\">\r\n                                <a class=\"navPage-subMenu-action navPages-action\"\r\n                                href=\"{{urls.account.wishlists.all}}\"\r\n                                aria-label=\"{{lang 'account.mobile_nav.wishlists'}}\"\r\n                                >\r\n                                    {{lang 'account.mobile_nav.wishlists'}}\r\n                                </a>\r\n                            </li>\r\n                            <li class=\"navPage-subMenu-item\">\r\n                                <a class=\"navPage-subMenu-action navPages-action\"\r\n                                href=\"{{urls.account.recent_items}}\"\r\n                                aria-label=\"{{lang 'account.nav.recently_viewed'}}\"\r\n                                >\r\n                                    {{lang 'account.nav.recently_viewed'}}\r\n                                </a>\r\n                            </li>\r\n                            <li class=\"navPage-subMenu-item\">\r\n                                <a class=\"navPage-subMenu-action navPages-action\"\r\n                                href=\"{{urls.account.details}}\"\r\n                                aria-label=\"{{lang 'account.nav.settings'}}\"\r\n                                >\r\n                                    {{lang 'account.nav.settings'}}\r\n                                </a>\r\n                            </li>\r\n                        </ul>\r\n                    </div>\r\n                </li>\r\n                <li class=\"navPages-item\">\r\n                    <a class=\"navPages-action\"\r\n                    href=\"{{urls.auth.logout}}\"\r\n                    aria-label=\"{{lang 'common.logout'}}\"\r\n                    >\r\n                        {{lang 'common.logout'}}\r\n                    </a>\r\n                </li>\r\n            {{else}}\r\n                <li class=\"navPages-item\">\r\n                    <a class=\"navPages-action\"\r\n                    href=\"{{urls.auth.login}}\"\r\n                    aria-label=\"{{lang 'common.login'}}\"\r\n                    >\r\n                        {{lang 'common.login'}}\r\n                    </a>\r\n                    {{#if settings.account_creation_enabled}}\r\n                        {{lang 'common.or'}}\r\n                        <a class=\"navPages-action\"\r\n                        href=\"{{urls.auth.create_account}}\"\r\n                        aria-label=\"{{lang 'common.sign_up'}}\"\r\n                        >\r\n                            {{lang 'common.sign_up'}}\r\n                        </a>\r\n                    {{/if}}\r\n                </li>\r\n            {{/if}}\r\n        --}}\r\n        <li class=\"navPages-item account-nav\">\r\n            <ul class=\"account-nav-links\">\r\n                <li class=\"navPages-item navPages-item--account\">\r\n                    <a class=\"navPages-action\"\r\n                    href=\"{{urls.account.index}}\"\r\n                    aria-label=\"{{#if customer}}{{lang 'common.account'}}{{else}}{{lang 'common.login'}}{{/if}}\"\r\n                    >\r\n                        <svg class=\"navPages-icon icon icon-user\">\r\n                            <use href=\"#icon-user\" />\r\n                        </svg> \r\n                        <span class=\"my-account\">{{lang 'common.account'}}</span>\r\n                    </a>\r\n                </li>\r\n                <li class=\"navPages-item navPages-item--projects\">\r\n                    <a class=\"navPages-action\"\r\n                    href=\"/\"\r\n                    aria-label=\"{{lang 'account.nav.my_projects'}}\"\r\n                    >\r\n                        {{lang 'account.nav.my_projects'}}\r\n                        <span class=\"projectsPill project-quantity\">1</span>\r\n                    </a>\r\n                </li>\r\n            </ul>\r\n        </li>\r\n        <li class=\"navPages-item navPages-user\">\r\n            {{#if customer}}\r\n                <a class=\"navPages-action\"\r\n                href=\"{{urls.account.index}}\"\r\n                aria-label=\"{{lang 'common.account'}}\"\r\n                >\r\n                    {{lang 'common.account'}}\r\n                </a>\r\n                <a class=\"navPages-action\"\r\n                href=\"{{urls.auth.logout}}\"\r\n                aria-label=\"{{lang 'common.logout'}}\"\r\n                >\r\n                    {{lang 'common.logout'}}\r\n                </a>\r\n            {{else}}\r\n                <span class=\"pro-user\">{{lang 'common.pro_user'}}</span>\r\n                <a class=\"navUser-action\"\r\n                href=\"{{urls.auth.login}}\"\r\n                aria-label=\"{{lang 'common.login'}}\"\r\n                >\r\n                    {{lang 'common.login'}}\r\n                </a>\r\n                {{#if settings.account_creation_enabled}}\r\n                    <span class=\"navPages-or\">{{lang 'common.or'}}</span>\r\n                    <a class=\"navUser-action\"\r\n                    href=\"{{urls.auth.create_account}}\"\r\n                    aria-label=\"{{lang 'common.sign_up'}}\"\r\n                    >\r\n                        {{lang 'common.sign_up'}}\r\n                    </a>\r\n                {{/if}}\r\n            {{/if}}\r\n        </li>\r\n        <li class=\"navPages-item navPages-quick-links\">\r\n            {{{region name=\"header_navuser_left--global\"}}}    \r\n        </li>\r\n        {{#if theme_settings.social_icon_placement_top}}\r\n            <li class=\"navPages-item\">\r\n                {{> components/common/social-links}}\r\n            </li>\r\n        {{/if}}\r\n    </ul>\r\n</nav>\r\n",
  "components/common/store-logo": "<a href=\"{{urls.home}}\" class=\"header-logo__link\" data-header-logo-link>\r\n    {{#if settings.store_logo.image}}\r\n        {{#if theme_settings.logo_size '===' 'original'}}\r\n        <img class=\"header-logo-image-unknown-size\"\r\n             src=\"{{getImage settings.store_logo.image 'logo_size'}}\"\r\n             alt=\"{{settings.store_logo.title}}\"\r\n             title=\"{{settings.store_logo.title}}\">\r\n        {{else}}\r\n        <div class=\"header-logo-image-container\">\r\n            <img class=\"header-logo-image\"\r\n                 src=\"{{getImage settings.store_logo.image 'logo_size'}}\"\r\n                 srcset=\"{{getImageSrcset1x2x settings.store_logo.image theme_settings.logo_size}}\"\r\n                 alt=\"{{settings.store_logo.title}}\"\r\n                 title=\"{{settings.store_logo.title}}\">\r\n        </div>\r\n        {{/if}}\r\n    {{else}}\r\n    <span class=\"header-logo-text\">{{settings.store_logo.title}}</span>\r\n    {{/if}}\r\n</a>\r\n",
  "components/common/social-links": "{{#if social_media}}\r\n    <ul class=\"socialLinks socialLinks--alt\">\r\n        {{#each social_media}}\r\n            {{#or (if display_name '===' 'twitter') (if display_name '===' 'stumbleupon')}}\r\n                {{#if display_name '===' 'twitter'}}\r\n                    <li class=\"socialLinks-item\">\r\n                        <a class=\"icon icon--x\"\r\n                        href=\"{{url}}\"\r\n                        target=\"_blank\"\r\n                        rel=\"noopener\"\r\n                        title=\"X\"\r\n                        >\r\n                            <span class=\"aria-description--hidden\">X</span>\r\n                            <svg>\r\n                                <use href=\"#icon-x\"/>\r\n                            </svg>\r\n                        </a>\r\n                    </li>\r\n                {{/if}}\r\n                {{#if display_name '===' 'stumbleupon'}}\r\n                    <li class=\"socialLinks-item\">\r\n                        <a class=\"icon icon--houzz\"\r\n                        href=\"{{url}}\"\r\n                        target=\"_blank\"\r\n                        rel=\"noopener\"\r\n                        title=\"Houzz\"\r\n                        >\r\n                            <span class=\"aria-description--hidden\">Houzz</span>\r\n                            <svg>\r\n                                <use href=\"#icon-houzz\"/>\r\n                            </svg>\r\n                        </a>\r\n                    </li>\r\n                {{/if}}\r\n            {{else}}\r\n                <li class=\"socialLinks-item\">\r\n                    <a class=\"icon icon--{{display_name}}\"\r\n                    href=\"{{url}}\"\r\n                    target=\"_blank\"\r\n                    rel=\"noopener\"\r\n                    title=\"{{{capitalize display_name}}}\"\r\n                    >\r\n                        <span class=\"aria-description--hidden\">{{{capitalize display_name}}}</span>\r\n                        <svg>\r\n                            <use href=\"#icon-{{display_name}}\"/>\r\n                        </svg>\r\n                    </a>\r\n                </li>\r\n            {{/or}}\r\n        {{/each}}\r\n    </ul>\r\n{{/if}}\r\n",
  "components/common/alert/alert-modal": "<div id=\"alert-modal\" class=\"modal modal--alert modal--small\" data-reveal data-prevent-quick-search-close>\r\n    <div class=\"alert-icon error-icon\">\r\n        <span class=\"icon-content\">\r\n            <span class=\"line line-left\"></span>\r\n            <span class=\"line line-right\"></span>\r\n        </span>\r\n    </div>\r\n\r\n    <div class=\"alert-icon warning-icon\">\r\n        <div class=\"icon-content\">!</div>\r\n    </div>\r\n\r\n    <div class=\"modal-content\"></div>\r\n\r\n    <div class=\"button-container\">\r\n        <button type=\"button\" class=\"confirm button\" data-reveal-close>{{lang 'common.ok'}}</button>\r\n        <button type=\"button\" class=\"cancel button\" data-reveal-close>{{lang 'common.cancel'}}</button>\r\n    </div>\r\n</div>\r\n",
  "components/common/subscription-form": "<h3 class=\"footer-info-heading\">{{lang 'newsletter.subscribe'}}</h3>\r\n<p>{{lang 'newsletter.subscribe_intro'}}</p>\r\n\r\n<form class=\"form\" action=\"{{urls.subscribe.action}}\" method=\"post\">\r\n    <fieldset class=\"form-fieldset\">\r\n        <input type=\"hidden\" name=\"action\" value=\"subscribe\">\r\n        <input type=\"hidden\" name=\"nl_first_name\" value=\"bc\">\r\n        <input type=\"hidden\" name=\"check\" value=\"1\">\r\n        <div class=\"form-field\">\r\n            <label class=\"form-label is-srOnly\" for=\"nl_email\">{{lang 'common.email_address'}}</label>\r\n            <div class=\"form-prefixPostfix\">\r\n                <input class=\"form-input\"\r\n                       id=\"nl_email\"\r\n                       name=\"nl_email\"\r\n                       type=\"email\"\r\n                       value=\"{{customer.email}}\"\r\n                       placeholder=\"{{lang 'newsletter.email_placeholder'}}\"\r\n                       aria-describedby=\"alertBox-message-text\"\r\n                       aria-required=\"true\"\r\n                       autocomplete=\"email\"\r\n                       required\r\n                >\r\n                <input class=\"button button--primary form-prefixPostfix-button--postfix\"\r\n                       type=\"submit\"\r\n                       value=\"{{lang 'newsletter.subscribe_submit'}}\"\r\n                >\r\n            </div>\r\n            {{#if settings.show_newsletter_summary }}\r\n                <div class=\"footer-newsletter-summary\">{{settings.newsletter_summary}}</div>\r\n            {{/if}}\r\n        </div>\r\n    </fieldset>\r\n</form>\r\n",
  "components/common/payment-icons": "{{#with theme_settings}}\r\n    {{#or show_accept_amex show_accept_discover show_accept_mastercard show_accept_paypal show_accept_visa show_accept_amazonpay show_accept_googlepay show_accept_klarna}}\r\n    <ul class=\"footer-payment-icons\" aria-label=\"{{lang 'account.payment_methods.payment_icons_label'}}\">\r\n        {{#if show_accept_amex}}\r\n        <li>\r\n            <svg class=\"footer-payment-icon\" role=\"img\">\r\n                <title>American Express</title>\r\n                <use href=\"#icon-logo-american-express\"></use>\r\n            </svg>\r\n        </li>\r\n        {{/if}}\r\n        {{#if show_accept_discover}}\r\n        <li>\r\n            <svg class=\"footer-payment-icon\" role=\"img\">\r\n                <title>Discover</title>\r\n                <use href=\"#icon-logo-discover\"></use>\r\n            </svg>\r\n        </li>\r\n        {{/if}}\r\n        {{#if show_accept_mastercard}}\r\n        <li>\r\n            <svg class=\"footer-payment-icon\" role=\"img\">\r\n                <title>Mastercard</title>\r\n                <use href=\"#icon-logo-mastercard\"></use>\r\n            </svg>\r\n        </li>\r\n        {{/if}}\r\n        {{#if show_accept_paypal}}\r\n        <li>\r\n            <svg class=\"footer-payment-icon\" role=\"img\">\r\n                <title>PayPal</title>\r\n                <use href=\"#icon-logo-paypal\"></use>\r\n            </svg>\r\n        </li>\r\n        {{/if}}\r\n        {{#if show_accept_visa}}\r\n        <li>\r\n            <svg class=\"footer-payment-icon\" role=\"img\">\r\n                <title>Visa</title>\r\n                <use href=\"#icon-logo-visa\"></use>\r\n            </svg>\r\n        </li>\r\n        {{/if}}\r\n        {{#if show_accept_amazonpay}}\r\n        <li>\r\n            <svg class=\"footer-payment-icon\" role=\"img\">\r\n                <title>Amazon Pay</title>\r\n                <use href=\"#icon-logo-amazonpay\"></use>\r\n            </svg>\r\n        </li>\r\n        {{/if}}\r\n        {{#if show_accept_googlepay}}\r\n        <li>\r\n            <svg class=\"footer-payment-icon\" role=\"img\">\r\n                <title>Google Pay</title>\r\n                <use href=\"#icon-logo-googlepay\"></use>\r\n            </svg>\r\n        </li>\r\n        {{/if}}\r\n        {{#if show_accept_klarna}}\r\n        <li>\r\n            <svg class=\"footer-payment-icon\" role=\"img\">\r\n                <title>Klarna</title>\r\n                <use href=\"#icon-logo-klarna\"></use>\r\n            </svg>\r\n        </li>\r\n        {{/if}}\r\n    </ul>\r\n    {{/or}}\r\n{{/with}}\r\n",
  "components/common/channel-selector": "{{#if theme_settings.channels.length '>' 1}}\r\n<ul class=\"navUser-section\">\r\n    <li class=\"navUser-item\">\r\n        <a href=\"#\"\r\n           class=\"navUser-action navUser-action--channelSelector has-dropdown\"\r\n           data-dropdown=\"channelSelection\"\r\n           aria-controls=\"channelSelection\"\r\n           aria-expanded=\"false\"\r\n        >\r\n            {{#each theme_settings.channels}}\r\n                {{#if is_active}}\r\n                    {{lang 'common.channel' code=code}}\r\n                {{/if}}\r\n            {{/each}}\r\n            <i class=\"icon\" aria-hidden=\"true\">\r\n                <svg>\r\n                    <use href=\"#icon-chevron-down\"/>\r\n                </svg>\r\n            </i>\r\n        </a>\r\n        <ul class=\"dropdown-menu\" id=\"channelSelection\" data-dropdown-content aria-hidden=\"true\" tabindex=\"-1\">\r\n            {{#each theme_settings.channels}}\r\n                <li class=\"dropdown-menu-item\">\r\n                    <a href=\"{{{switch_url}}}\" data-channel-code=\"{{{code}}}\" data-warning=\"{{lang 'common.channel_switch_warning'}}\">\r\n                        {{#if is_active}}\r\n                            <strong>{{name}}</strong>\r\n                        {{else}}\r\n                            {{name}}\r\n                        {{/if}}\r\n                    </a>\r\n                </li>\r\n            {{/each}}\r\n        </ul>\r\n    </li>\r\n</ul>\r\n{{/if}}\r\n",
  "components/common/currency-selector": "{{#if currency_selector.currencies.length '>' 1}}\r\n<ul class=\"navUser-section\">\r\n    <li class=\"navUser-item\">\r\n        <a class=\"navUser-action navUser-action--currencySelector has-dropdown\"\r\n           href=\"#\"\r\n           data-dropdown=\"currencySelection\"\r\n           aria-controls=\"currencySelection\"\r\n           aria-expanded=\"false\"\r\n        >\r\n            {{lang 'common.currency' code=currency_selector.active_currency_code}}\r\n            <i class=\"icon\" aria-hidden=\"true\">\r\n                <svg>\r\n                    <use href=\"#icon-chevron-down\" />\r\n                </svg>\r\n            </i>\r\n        </a>\r\n        <ul class=\"dropdown-menu\" id=\"currencySelection\" data-dropdown-content aria-hidden=\"true\" tabindex=\"-1\">\r\n            {{#each currency_selector.currencies}}\r\n            <li class=\"dropdown-menu-item\">\r\n                <a href=\"{{{switch_url}}}\"\r\n                   data-currency-code=\"{{{code}}}\"\r\n                   {{#if cart_currency_switch_url.length '>' 0 }}\r\n                   data-cart-currency-switch-url=\"{{{cart_currency_switch_url}}}\"\r\n                   {{/if}}\r\n                   data-warning=\"{{lang 'common.currency_switch_promotion'}}\"\r\n                >\r\n                {{#if is_active}}\r\n                    <strong>{{name}}</strong>\r\n                {{else}}\r\n                    {{name}}\r\n                {{/if}}\r\n                </a>\r\n            </li>\r\n            {{/each}}\r\n        </ul>\r\n    </li>\r\n</ul>\r\n{{/if}}\r\n",
  "components/common/navigation-list": "{{#if children}}\r\n<a class=\"navPages-action has-subMenu{{#if is_active}} activePage{{/if}}\"\r\n   href=\"{{url}}\"\r\n   data-collapsible=\"navPages-{{id}}\"\r\n>\r\n    <span class=\"item-name\">{{name}}</span>\r\n    <i class=\"icon navPages-action-moreIcon\" aria-hidden=\"true\">\r\n        <svg><use href=\"#icon-chevron-down\" /></svg>\r\n    </i>\r\n    <span class=\"item-close\">{{lang 'common.back'}}</span>\r\n</a>\r\n<div class=\"navPage-subMenu\" id=\"navPages-{{id}}\" aria-hidden=\"true\" tabindex=\"-1\">\r\n    <ul class=\"navPage-subMenu-list\">\r\n        {{!--<li class=\"navPage-subMenu-item\">\r\n            <a class=\"navPage-subMenu-action navPages-action\"\r\n               href=\"{{url}}\"\r\n               aria-label=\"{{lang 'category.view_all.name' category=name}}\"\r\n            >\r\n                {{lang 'category.view_all.name' category=name}}\r\n            </a>\r\n        </li>--}}\r\n        {{#each children}}\r\n            <li class=\"navPage-subMenu-item\">\r\n                {{#if children}}\r\n                    <a class=\"navPage-subMenu-action navPages-action has-subMenu{{#if is_active}} activePage{{/if}}\"\r\n                       href=\"{{url}}\"\r\n                       aria-label=\"{{name}}\"\r\n                    >\r\n                        {{name}}\r\n                        <span class=\"collapsible-icon-wrapper\"\r\n                            data-collapsible=\"navPages-{{id}}\"\r\n                            data-collapsible-disabled-breakpoint=\"medium\"\r\n                            data-collapsible-disabled-state=\"open\"\r\n                            data-collapsible-enabled-state=\"closed\"\r\n                        >\r\n                            <i class=\"icon navPages-action-moreIcon\" aria-hidden=\"true\">\r\n                                <svg><use href=\"#icon-chevron-down\" /></svg>\r\n                            </i>\r\n                        </span>\r\n                    </a>\r\n                    <ul class=\"navPage-childList\" id=\"navPages-{{id}}\">\r\n                        {{#each children}}\r\n                        <li class=\"navPage-childList-item\">\r\n                            <a class=\"navPage-childList-action navPages-action{{#if is_active}} activePage{{/if}}\"\r\n                               href=\"{{url}}\"\r\n                               aria-label=\"{{name}}\"\r\n                            >\r\n                                {{name}}\r\n                            </a>\r\n                        </li>\r\n                        {{/each}}\r\n                    </ul>\r\n                {{else}}\r\n                    <a class=\"navPage-subMenu-action navPages-action{{#if is_active}} activePage{{/if}}\"\r\n                       href=\"{{url}}\"\r\n                       aria-label=\"{{name}}\"\r\n                    >\r\n                        {{name}}\r\n                    </a>\r\n                {{/if}}\r\n            </li>\r\n        {{/each}}\r\n    </ul>\r\n    {{#if image}}\r\n        <div class=\"navigation-image\">\r\n            {{> components/common/responsive-img\r\n                image=image\r\n                fallback_size=theme_settings.menuthumb_size\r\n                lazyload=theme_settings.lazyload_mode\r\n                class=\"category-menu-image\"\r\n            }}\r\n            <a class=\"button button--primary menu-button\"\r\n               href=\"{{url}}\"\r\n               aria-label=\"{{lang 'category.view_all.name' category=''}}\"\r\n            >\r\n                {{lang 'category.view_all.name' category=''}}\r\n            </a>\r\n        </div>\r\n    {{/if}}\r\n</div>\r\n{{else}}\r\n<a class=\"navPages-action{{#if is_active}} activePage{{/if}}\"\r\n   href=\"{{url}}\"\r\n   aria-label=\"{{name}}\"\r\n>\r\n    {{name}}\r\n</a>\r\n{{/if}}\r\n",
  "components/common/modal/modal-close-btn": "<button class=\"modal-close\"\r\n        type=\"button\"\r\n        title=\"{{lang 'common.close'}}\"\r\n        {{additional_attr}}\r\n>\r\n    <span class=\"aria-description--hidden\">{{lang 'common.close'}}</span>\r\n    <span aria-hidden=\"true\">&#215;</span>\r\n</button>\r\n",
  "components/common/navigation-list-alternate": "{{#if children}}\r\n    <a class=\"navPages-action navPages-action-depth-max has-subMenu is-root{{#if is_active}} activePage{{/if}}\"\r\n       href=\"{{url}}\"\r\n       data-collapsible=\"navPages-{{id}}\"\r\n       aria-label=\"{{name}}\"\r\n    >\r\n        {{name}}\r\n        <i class=\"icon navPages-action-moreIcon\" aria-hidden=\"true\">\r\n            <svg><use href=\"#icon-chevron-down\" /></svg>\r\n        </i>\r\n    </a>\r\n    {{> components/common/navigation-dropdown}}\r\n{{else}}\r\n    <a class=\"navPages-action{{#if is_active}} activePage{{/if}}\"\r\n       href=\"{{url}}\"\r\n       aria-label=\"{{name}}\"\r\n    >\r\n        {{name}}\r\n    </a>\r\n{{/if}}\r\n",
  "components/common/channel-selector-mobile": "{{#if theme_settings.channels.length '>' 1}}\r\n<a href=\"#\"\r\n   class=\"navPages-action has-subMenu\"\r\n   data-collapsible=\"navPages-channel\"\r\n   aria-controls=\"navPages-channel\"\r\n   aria-expanded=\"false\"\r\n   aria-label=\"\r\n    {{#each theme_settings.channels}}\r\n        {{#if is_active}}\r\n            {{lang 'common.channel' code=code}}\r\n        {{/if}}\r\n    {{/each}}\r\n   \"\r\n>\r\n    {{#each theme_settings.channels}}\r\n        {{#if is_active}}\r\n            {{lang 'common.channel' code=code}}\r\n        {{/if}}\r\n    {{/each}}\r\n    <i class=\"icon navPages-action-moreIcon\" aria-hidden=\"true\">\r\n        <svg>\r\n            <use href=\"#icon-chevron-down\"></use>\r\n        </svg>\r\n    </i>\r\n</a>\r\n<div class=\"navPage-subMenu\" id=\"navPages-channel\" aria-hidden=\"true\" tabindex=\"-1\">\r\n    <ul class=\"navPage-subMenu-list\">\r\n        {{#each theme_settings.channels}}\r\n        <li class=\"navPage-subMenu-item\">\r\n            <a href=\"{{{switch_url}}}\"\r\n               class=\"navPage-subMenu-action navPages-action\"\r\n               aria-label=\"{{name}}\"\r\n               data-channel-code=\"{{{code}}}\"\r\n               data-warning=\"{{lang 'common.channel_switch_warning'}}\"\r\n            >\r\n                {{name}}\r\n            </a>\r\n        </li>\r\n        {{/each}}\r\n    </ul>\r\n</div>\r\n{{/if}}\r\n",
  "components/common/responsive-img": "{{!--\r\nThis file implements the lazysizes srcset pattern (as seen on\r\nhttps://github.com/aFarkas/lazysizes#modern-transparent-srcset-pattern) for maximum performance on modern browsers\r\nand reasonable compatibility with legacy browsers.\r\n\r\nThere are a few important arguments to know about when using this component:\r\n`lazyload`:\r\n    - If set to 'lazyload+lqip', will load a low-res image which will be replaced by lazysizes - ensuring that SOME\r\n    content is shown immediately on page load. Without LQIP, a transparent gif will be used instead, which reduces\r\n    the number of requests needed to load the page, making it even faster.\r\n    - If set to 'lazyload', the browser will not load the full-size image at first, instead the lazysizes plugin will\r\n        load it progressively after page load. This improves the load speed of the page, but it should be disabled for\r\n        high-priority above-the-fold images.\r\n    - If set to 'disabled', will not attempt to lazyload the image and instead tell the browser to load it immediately.\r\n        Use this for high-priority images that are above the fold.\r\n\r\n`fallback_size`:\r\n    This is the size to use for this image in legacy browsers that do not support srcset.\r\n    Can be defined as a pixel bounding-box size (e.g. \"123x123) or inherent width (e.g. \"123w\").\r\n\r\n`class`:\r\n    The CSS classes to add to the image, e.g. \"card-image\". If lazyloading is enabled, all images will have the\r\n    \"lazyload\" class so that lazysizes will target them automatically.\r\n\r\n`otherAttributes`:\r\n    Any other HTML attributes you want on the img tag, for example \"height='100' width='100'\"\r\n\r\n`default_image`:\r\n    The default image to use if `image` is undefined or falsy. Should be a theme asset, usually defined as a relative\r\n    path in the theme config. If a default image is not provided, you'll get an image tag with no image if the primary\r\n    image is undefined.\r\n\r\n`lqip_size`:\r\n    If you want to specify a particular size for the LQIP image, you can do so with this argument. A default of 80\r\n    pixels wide will be used otherwise. This argument has no effect if the lazyload mode is not \"lazyload+lqip\".\r\n\r\n--}}\r\n<img {{#if image}}{{!-- Get the default image for legacy browsers that do not support srcset\r\n--}}src=\"{{getImageSrcset image 1x=(default fallback_size '160w')}}\" alt=\"{{image.alt}}\" title=\"{{image.alt}}\" {{!--\r\n  Allow lazysizes to generate the 'sizes' attribute automatically --}}data-sizes=\"auto\"\r\n  {{#unless lazyload '==' 'disabled'}}\r\n    {{#if lazyload '==' 'lazyload+lqip'}}\r\n    {{!-- If we want a LQIP, include it as the default srcset (will be overwritten by lazysizes) --}}\r\n    srcset=\"{{getImageSrcset image 1x=(default lqip_size '80w')}}\"\r\n    {{else}}\r\n      {{!-- If we don't want a LQIP, use a 1px transparent gif for the stand-in image\r\n            This requires no additional network request, so it's fast --}}\r\n    srcset=\"data:image/gif;base64,R0lGODlhAQABAIAAAP///wAAACH5BAEAAAAALAAAAAABAAEAAAICRAEAOw==\"\r\n    {{/if}}\r\n{{/unless}}\r\n{{!-- If lazyloading is disabled, just use \"srcset\". If it is not disabled, use \"data-srcset\" so lazysizes will use\r\n      this after page load --}}\r\n{{!--\r\nGenerate the srcset string using the default sizes defined in the helper. This will allow the browser to\r\npick the best-sized image based on its own understanding of how it will render the page.\r\n--}}\r\n{{#unless lazyload '==' 'disabled'}}data-{{/unless}}srcset=\"{{getImageSrcset image use_default_sizes=true }}\"\r\n{{else if default_image}}src=\"{{cdn default_image}}\" alt=\"{{lang 'products.card_default_image_alt'}}\"{{/if}}\r\nclass=\"{{#unless lazyload '==' 'disabled'}}lazyload{{/unless}}{{#if class}} {{class}}{{/if}}\"\r\n{{#if lazyload '==' 'lazyload'}}loading=\"lazy\"{{/if}}\r\n{{otherAttributes}} />\r\n",
  "components/common/navigation-dropdown": "<div class=\"navPage-subMenu navPage-subMenu-horizontal\" id=\"navPages-{{id}}\" aria-hidden=\"true\" tabindex=\"-1\">\r\n    <ul class=\"navPage-subMenu-list\">\r\n        <li class=\"navPage-subMenu-item-parent\">\r\n            <a class=\"navPage-subMenu-action navPages-action navPages-action-depth-max\" href=\"{{url}}\">{{lang 'category.view_all.name' category=name}}</a>\r\n        </li>\r\n        {{#each children}}\r\n            <li class=\"navPage-subMenu-item-child\">\r\n                {{#if children}}\r\n                    <a class=\"navPage-subMenu-action navPages-action navPages-action-depth-max has-subMenu{{#if is_active}} activePage{{/if}}\" href=\"{{url}}\" data-collapsible=\"navPages-{{id}}\">\r\n                        {{name}}<i class=\"icon navPages-action-moreIcon\" aria-hidden=\"true\"><svg><use href=\"#icon-chevron-down\" /></svg></i>\r\n                    </a>\r\n                    {{> components/common/navigation-dropdown}}\r\n                {{else}}\r\n                    <a class=\"navPage-subMenu-action navPages-action{{#if is_active}} activePage{{/if}}\" href=\"{{url}}\">{{name}}</a>\r\n                {{/if}}\r\n            </li>\r\n        {{/each}}\r\n    </ul>\r\n</div>\r\n"
}