{
  "components/common/breadcrumbs": "<nav aria-label=\"Breadcrumb\">\r\n    <ol class=\"breadcrumbs\">\r\n        {{#unless theme_settings.hide_breadcrumbs }}\r\n            {{#each breadcrumbs}}\r\n                <li class=\"breadcrumb {{#if @last}}is-active{{/if}}\">\r\n                    <a class=\"breadcrumb-label\"\r\n                       href=\"{{url}}\"\r\n                       {{#if @last}}aria-current=\"page\"{{/if}}\r\n                    >\r\n                        <span>{{name}}</span>\r\n                    </a>\r\n                </li>\r\n            {{/each}}\r\n        {{/unless}}\r\n    </ol>\r\n</nav>\r\n\r\n<script type=\"application/ld+json\">\r\n{\r\n    \"@context\": \"https://schema.org\",\r\n    \"@type\": \"BreadcrumbList\",\r\n    \"itemListElement\":\r\n    [\r\n        {{#each breadcrumbs}}\r\n        {\r\n            \"@type\": \"ListItem\",\r\n            \"position\": {{add @index 1}},\r\n            \"item\": {\r\n                \"@id\": {{{JSONstringify url}}},\r\n                \"name\": {{{JSONstringify name}}}\r\n            }\r\n        }{{#unless @last}},{{/unless}}\r\n        {{/each}}\r\n    ]\r\n}\r\n</script>\r\n"
}