{
  "components/products/quick-view": "<div class=\"modal-body quickView\">\r\n    {{> components/products/product-view}}\r\n\r\n    {{#all settings.show_product_reviews theme_settings.show_product_reviews (if theme_settings.show_product_details_tabs '!==' true)}}\r\n        {{> components/products/reviews reviews=product.reviews product=product urls=urls}}\r\n    {{/all}}\r\n</div>\r\n",
  "components/products/reviews": "{{#if reviews.total}}\r\n<section class=\"toggle productReviews\" id=\"product-reviews\" data-product-reviews>\r\n    <h4 class=\"toggle-title\">\r\n        {{lang 'products.reviews.header' total=reviews.total}}\r\n        {{#if theme_settings.show_product_reviews}}\r\n            <a class=\"toggleLink is-open\" data-collapsible href=\"#productReviews-content\">\r\n                <span class=\"toggleLink-text toggleLink-text--on\">\r\n                    {{lang 'products.reviews.hide'}}\r\n                </span>\r\n                <span class=\"toggleLink-text toggleLink-text--off\">\r\n                    {{lang 'products.reviews.show'}}\r\n                </span>\r\n            </a>\r\n        {{/if}}\r\n    </h4>\r\n    <div class=\"toggle-content is-open\" id=\"productReviews-content\" aria-hidden=\"false\">\r\n        <ul class=\"productReviews-list\" id=\"productReviews-list\">\r\n            {{#each reviews.list}}\r\n            <li class=\"productReview\">\r\n                <article>\r\n                    <header>\r\n                        <span class=\"productReview-rating rating--small\">\r\n                            {{> components/products/ratings rating=rating}}\r\n                            <span class=\"productReview-ratingNumber\">{{ rating }}</span>\r\n                        </span>\r\n                        <h5 class=\"productReview-title\">{{{ sanitize title }}}</h5>\r\n                        {{#if name}}\r\n                            <p class=\"productReview-author\">\r\n                                {{{lang 'products.reviews.post_on_by' date=date name=(sanitize name) }}}\r\n                            </p>\r\n                        {{else}}\r\n                            <p class=\"productReview-author\">\r\n                                {{lang 'products.reviews.post_on_by' date=date name=(lang 'products.reviews.anonymous_poster')}}\r\n                            </p>\r\n                        {{/if}}\r\n                    </header>\r\n                    <p class=\"productReview-body\">{{{ sanitize text }}}</p>\r\n                </article>\r\n            </li>\r\n            {{/each}}\r\n        </ul>\r\n        {{> components/common/paginator pagination.reviews reload=true}}\r\n    </div>\r\n</section>\r\n{{/if}}\r\n",
  "components/products/product-view": "{{inject 'outOfStockDefaultMessage' (lang 'products.out_of_stock_default_message')}}\r\n\r\n<div class=\"productView\"\r\n    data-event-type=\"product\"\r\n    data-entity-id=\"{{product.id}}\"\r\n    data-name=\"{{product.title}}\"\r\n    data-product-category=\"\r\n    {{#each product.category}}\r\n        {{#if @last}}{{this}}{{else}}{{this}}, {{/if}}\r\n    {{/each}}\"\r\n    data-product-brand=\"{{product.brand.name}}\"\r\n    data-product-price=\"\r\n    {{#or customer (unless settings.hide_price_from_guests)}}\r\n        {{#if product.price.with_tax}}\r\n            {{product.price.with_tax.value}}\r\n        {{else}}\r\n            {{product.price.without_tax.value}}\r\n        {{/if}}\r\n    {{else}}\r\n        {{lang 'common.login_for_pricing'}}\r\n    {{/or}}\"\r\n    data-product-variant=\"single-product-option\">\r\n\r\n    {{#each product.reviews.messages}}\r\n        {{#if error}}\r\n            {{> components/common/alert/alert-error error}}\r\n        {{/if}}\r\n        {{#if success}}\r\n            {{> components/common/alert/alert-success success}}\r\n        {{/if}}\r\n    {{/each}}\r\n\r\n    <section class=\"productView-images\" data-image-gallery>\r\n        {{!--\r\n            Note that these image sizes are coupled to image sizes used in /assets/js/theme/common/product-details.js\r\n            for variant/rule image replacement\r\n        --}}\r\n        {{#if product.images.length '>' 1 }}\r\n        {{> components/carousel-content-announcement}}\r\n        {{/if}}\r\n        <figure class=\"productView-image\"\r\n                data-image-gallery-main\r\n                {{#if product.main_image}}\r\n                data-zoom-image=\"{{getImageSrcset product.main_image (cdn theme_settings.default_image_product) 1x=theme_settings.zoom_size }}\"\r\n                {{/if}}\r\n                >\r\n            <div class=\"productView-img-container\">\r\n                {{!-- Remove the surrounding a-element if there is no main image. --}}\r\n                {{#if product.main_image}}\r\n                    <a href=\"{{getImageSrcset product.main_image (cdn theme_settings.default_image_product) 1x=theme_settings.zoom_size}}\"\r\n                        target=\"_blank\">\r\n                {{/if}}\r\n                {{> components/common/responsive-img\r\n                    image=product.main_image\r\n                    class=\"productView-image--default\"\r\n                    fallback_size=theme_settings.product_size\r\n                    lazyload=theme_settings.lazyload_mode\r\n                    default_image=theme_settings.default_image_product\r\n                    otherAttributes=\"data-main-image\"\r\n                }}\r\n                {{!-- Remove the surrounding a-element if there is no main image. --}}\r\n                {{#if product.main_image}}\r\n                    </a>\r\n                {{/if}}\r\n            </div>\r\n        </figure>\r\n        <ul class=\"productView-thumbnails\"{{#gt product.images.length 5}} data-slick='{\r\n                \"infinite\": false,\r\n                \"mobileFirst\": true,\r\n                \"dots\": false,\r\n                \"accessibility\": false,\r\n                \"slidesToShow\": 5,\r\n                \"slidesToScroll\": 5\r\n            }'{{/gt}}>\r\n            {{#each product.images}}\r\n                <li class=\"productView-thumbnail\">\r\n                    <a\r\n                        class=\"productView-thumbnail-link\"\r\n                        href=\"{{getImageSrcset this (cdn ../theme_settings.default_image_product) 1x=../theme_settings.zoom_size}}\"\r\n                        data-image-gallery-item\r\n                        data-image-gallery-new-image-url=\"{{getImageSrcset this (cdn ../theme_settings.default_image_product) 1x=../theme_settings.product_size}}\"\r\n                        data-image-gallery-new-image-srcset=\"{{getImageSrcset this use_default_sizes=true}}\"\r\n                        data-image-gallery-zoom-image-url=\"{{getImageSrcset this (cdn ../theme_settings.default_image_product) 1x=../theme_settings.zoom_size}}\"\r\n                    >\r\n                    {{> components/common/responsive-img\r\n                        image=this\r\n                        fallback_size=../theme_settings.productview_thumb_size\r\n                        lazyload=../theme_settings.lazyload_mode\r\n                    }}\r\n                    </a>\r\n                </li>\r\n            {{/each}}\r\n        </ul>\r\n    </section>\r\n\r\n    <section class=\"productView-details product-data\">\r\n        <div class=\"productView-product\">\r\n            {{#if theme_settings.show_first_category}}\r\n                {{#each product.category}}\r\n                    {{#if @first}}\r\n                    <h2 class=\"productView-collection\">\r\n                        <a href=\"{{this.url}}\"><span>{{this}}</span></a>\r\n                    </h2>\r\n                    {{/if}}\r\n                {{/each}}\r\n            {{/if}}\r\n            <h1 class=\"productView-title\">{{product.title}}</h1>\r\n            {{#and product.brand theme_settings.show_brand}}\r\n                <h2 class=\"productView-brand\">\r\n                    <a href=\"{{product.brand.url}}\"><span>{{product.brand.name}}</span></a>\r\n                </h2>\r\n            {{/and}}\r\n            {{#if product.call_for_price}}\r\n                <p class=\"productView-price\">\r\n                    <span>{{product.call_for_price}}</span>\r\n                </p>\r\n            {{/if}}\r\n            <div class=\"productView-price\">\r\n                {{#or customer (unless settings.hide_price_from_guests)}}\r\n                    {{> components/products/price price=product.price}}\r\n                {{else}}\r\n                    {{> components/common/login-for-pricing}}\r\n                {{/or}}\r\n            </div>\r\n            {{{region name=\"product_below_price\"}}}\r\n            <div class=\"productView-rating\">\r\n                {{#if settings.show_product_rating}}\r\n                    {{> components/products/ratings rating=product.rating}}\r\n                    {{#if product.num_reviews '>' 0}}\r\n                        <a href=\"{{product.url}}{{#if is_ajax}}#product-reviews{{/if}}\" id=\"productReview_link\">\r\n                            {{lang 'products.reviews.link_to_review' total=product.num_reviews}}\r\n                        </a>\r\n                    {{else}}\r\n                        <span>{{lang 'products.reviews.link_to_review' total=product.num_reviews}}</span>\r\n                    {{/if}}\r\n                {{/if}}\r\n                {{#if settings.show_product_reviews}}\r\n                    <a href=\"{{product.url}}{{#if is_ajax}}#write_review{{/if}}\"\r\n                       class=\"productView-reviewLink productView-reviewLink--new\"\r\n                       {{#unless is_ajax}}data-reveal-id=\"modal-review-form\"{{/unless}}\r\n                       role=\"button\"\r\n                    >\r\n                       {{lang 'products.reviews.new'}}\r\n                    </a>\r\n                    {{#unless is_ajax}}\r\n                        {{> components/products/modals/writeReview}}\r\n                    {{/unless}}\r\n                {{/if}}\r\n            </div>\r\n            {{product.detail_messages}}\r\n            <dl class=\"productView-info\">\r\n                <dt class=\"productView-info-name sku-label\"{{#unless product.sku}} style=\"display: none;\"{{/unless}}>{{lang 'products.sku'}}</dt>\r\n                <dd class=\"productView-info-value\" data-product-sku>{{product.sku}}</dd>\r\n                <dt class=\"productView-info-name upc-label\"{{#unless product.upc}} style=\"display: none;\"{{/unless}}>{{lang 'products.upc'}}</dt>\r\n                <dd class=\"productView-info-value\" data-product-upc>{{product.upc}}</dd>\r\n                {{#if product.condition}}\r\n                    <dt class=\"productView-info-name\">{{lang 'products.condition'}}</dt>\r\n                    <dd class=\"productView-info-value\">{{product.condition}}</dd>\r\n                {{/if}}\r\n                {{#if product.availability}}\r\n                    <dt class=\"productView-info-name\">{{lang 'products.availability'}}</dt>\r\n                    <dd class=\"productView-info-value\">{{product.availability}}</dd>\r\n                {{/if}}\r\n                {{#all product.weight theme_settings.show_product_weight}}\r\n                    <dt class=\"productView-info-name\">{{lang 'products.weight'}}</dt>\r\n                    <dd class=\"productView-info-value\" data-product-weight>{{product.weight}}</dd>\r\n                {{/all}}\r\n                {{#all product.width product.height product.depth theme_settings.show_product_dimensions}}\r\n                    <dt class=\"productView-info-name\">{{lang 'products.width'}}</dt>\r\n                    <dd class=\"productView-info-value\" data-product-width>\r\n                        {{product.width}}\r\n                        {{#if settings.measurements.length '==' 'Centimeters'}}\r\n                        ({{lang 'products.measurement.metric'}})\r\n                        {{else}}\r\n                        ({{lang 'products.measurement.imperial'}})\r\n                        {{/if}}\r\n                    </dd>\r\n                    <dt class=\"productView-info-name\">{{lang 'products.height'}}</dt>\r\n                    <dd class=\"productView-info-value\" data-product-height>\r\n                        {{product.height}}\r\n                        {{#if settings.measurements.length '==' 'Centimeters'}}\r\n                        ({{lang 'products.measurement.metric'}})\r\n                        {{else}}\r\n                        ({{lang 'products.measurement.imperial'}})\r\n                        {{/if}}\r\n                    </dd>\r\n                    <dt class=\"productView-info-name\">{{lang 'products.depth'}}</dt>\r\n                    <dd class=\"productView-info-value\" data-product-depth>\r\n                        {{product.depth}}\r\n                        {{#if settings.measurements.length '==' 'Centimeters'}}\r\n                        ({{lang 'products.measurement.metric'}})\r\n                        {{else}}\r\n                        ({{lang 'products.measurement.imperial'}})\r\n                        {{/if}}\r\n                    </dd>\r\n                {{/all}}\r\n                {{#if product.min_purchase_quantity}}\r\n                    <dt class=\"productView-info-name\">{{lang 'products.min_purchase_quantity'}}</dt>\r\n                    <dd class=\"productView-info-value\">{{lang 'products.purchase_units' quantity=product.min_purchase_quantity}}</dd>\r\n                {{/if}}\r\n                {{#if product.max_purchase_quantity}}\r\n                    <dt class=\"productView-info-name\">{{lang 'products.max_purchase_quantity'}}</dt>\r\n                    <dd class=\"productView-info-value\">{{lang 'products.purchase_units' quantity=product.max_purchase_quantity}}</dd>\r\n                {{/if}}\r\n                {{#if product.gift_wrapping_available}}\r\n                    <dt class=\"productView-info-name\">{{lang 'products.gift_wrapping'}}</dt>\r\n                    <dd class=\"productView-info-value\">{{lang 'products.gift_wrapping_available'}}</dd>\r\n                {{/if}}\r\n                {{#if product.shipping}}\r\n                    {{#if product.shipping.calculated}}\r\n                        <dt class=\"productView-info-name\">{{lang 'products.shipping'}}</dt>\r\n                        <dd class=\"productView-info-value\">{{lang 'products.shipping_calculated'}}</dd>\r\n                    {{else}}\r\n                        {{#if product.shipping.price.value '===' 0}}\r\n                            <dt class=\"productView-info-name\">{{lang 'products.shipping'}}</dt>\r\n                            <dd class=\"productView-info-value\">{{lang 'products.shipping_free'}}</dd>\r\n                        {{else}}\r\n                            <dt class=\"productView-info-name\">{{lang 'products.shipping'}}</dt>\r\n                            <dd class=\"productView-info-value\">{{lang 'products.shipping_fixed' amount=product.shipping.price.formatted}}</dd>\r\n                        {{/if}}\r\n                    {{/if}}\r\n                {{/if}}\r\n\r\n                {{#if settings.bulk_discount_enabled}}\r\n                    <div class=\"productView-info-bulkPricing\">\r\n                        {{> components/products/bulk-discount-rates bulk_discount_rates=product.bulk_discount_rates}}\r\n                    </div>\r\n                {{/if}}\r\n\r\n                {{#if theme_settings.show_custom_fields_tabs '!==' true}}\r\n                    {{> components/products/custom-fields }}\r\n                {{/if}}\r\n            </dl>\r\n        </div>\r\n    </section>\r\n\r\n    <section class=\"productView-details product-options\">\r\n        <div class=\"productView-options\">\r\n            {{#if product.release_date }}\r\n                <p>{{product.release_date}}</p>\r\n            {{/if}}\r\n            <form class=\"form\" method=\"post\" action=\"{{product.cart_url}}\" enctype=\"multipart/form-data\"\r\n                  data-cart-item-add>\r\n                <input type=\"hidden\" name=\"action\" value=\"add\">\r\n                <input type=\"hidden\" name=\"product_id\" value=\"{{product.id}}\"/>\r\n                {{#if product.cart_order_source}}\r\n                    <input type=\"hidden\" name=\"cart_order_source\" value=\"{{product.cart_order_source}}\"/>\r\n                {{/if}}\r\n                <div data-product-option-change style=\"display:none;\">\r\n                    {{inject 'showSwatchNames' theme_settings.show_product_swatch_names}}\r\n                    {{#each product.options}}\r\n                        {{{dynamicComponent 'components/products/options'}}}\r\n                    {{/each}}\r\n                </div>\r\n                <div class=\"form-field form-field--stock{{#unless product.stock_level}} u-hiddenVisually{{/unless}}\">\r\n                    <label class=\"form-label form-label--alternate\">\r\n                        {{lang 'products.current_stock'}}\r\n                        <span data-product-stock>{{product.stock_level}}</span>\r\n                    </label>\r\n                </div>\r\n                {{> components/products/add-to-cart with_wallet_buttons=true}}\r\n                {{#if product.out_of_stock}}\r\n                    {{#if product.out_of_stock_message}}\r\n                        {{> components/common/alert/alert-error product.out_of_stock_message}}\r\n                    {{else}}\r\n                        {{> components/common/alert/alert-error (lang 'products.sold_out')}}\r\n                    {{/if}}\r\n                {{/if}}\r\n            </form>\r\n            {{#if settings.show_wishlist}}\r\n                {{> components/common/wishlist-dropdown}}\r\n            {{/if}}\r\n        </div>\r\n        {{> components/common/share url=product.url}}\r\n    </section>\r\n\r\n    <article class=\"productView-description\">\r\n        {{#if theme_settings.show_product_details_tabs}}\r\n            {{> components/products/description-tabs}}\r\n        {{else}}\r\n            {{> components/products/description}}\r\n        {{/if}}\r\n    </article>\r\n</div>\r\n\r\n<div id=\"previewModal\" class=\"modal modal--large\" data-reveal>\r\n    {{> components/common/modal/modal-close-btn }}\r\n    <div class=\"modal-content\" role=\"dialog\" aria-modal=\"true\" aria-labelledby=\"modal-header-title\"></div>\r\n    <div class=\"loadingOverlay\"></div>\r\n</div>\r\n",
  "components/products/ratings": "<span role=\"img\"\r\n    {{#if rating_target}}\r\n      aria-label=\"{{lang 'products.reviews.rating_aria_label' rating_target=rating_target current_rating=rating max_rating=5}}\"\r\n    {{else}}\r\n      aria-label=\"{{lang 'products.reviews.rating_aria_label' rating_target='Product' current_rating=rating max_rating=5}}\"\r\n    {{/if}}\r\n>\r\n    {{#for 1 5}}\r\n        {{#if ../this.rating '>=' $index}}\r\n            <span class=\"icon icon--ratingFull\">\r\n                <svg>\r\n                    <use href=\"#icon-star\" />\r\n                </svg>\r\n            </span>\r\n        {{else}}\r\n            <span class=\"icon icon--ratingEmpty\">\r\n                <svg>\r\n                    <use href=\"#icon-star\" />\r\n                </svg>\r\n            </span>\r\n        {{/if}}\r\n    {{/for}}\r\n</span>\r\n",
  "components/common/paginator": "<nav class=\"pagination\" aria-label=\"pagination\">\r\n    <ul class=\"pagination-list\">\r\n        {{#if previous}}\r\n            <li class=\"pagination-item pagination-item--previous\">\r\n                <a class=\"pagination-link\"\r\n                   href=\"{{previous}}\"\r\n                   {{#unless reload}}data-faceted-search-facet{{/unless}}\r\n                   aria-label=\"{{lang 'common.previous'}}\"\r\n                >\r\n                    <i class=\"icon\" aria-hidden=\"true\">\r\n                        <svg>\r\n                            <use href=\"#icon-chevron-left\"></use>\r\n                        </svg>\r\n                    </i>\r\n                    {{lang 'common.previous'}}\r\n                </a>\r\n            </li>\r\n        {{/if}}\r\n        {{#each links}}\r\n            <li class=\"pagination-item {{#if this.number '==' ../current}}pagination-item--current{{/if}}\">\r\n                <a class=\"pagination-link\"\r\n                   href=\"{{this.url}}\"\r\n                   {{#unless reload}}data-faceted-search-facet{{/unless}}\r\n                   {{#if this.number '==' ../current}}\r\n                   aria-current=\"page\"\r\n                   data-pagination-current-page-link\r\n                   {{/if}}\r\n                   aria-label=\"{{lang 'common.paginator.page_of' current=this.number total=../links.length}}\"\r\n                >\r\n                    {{this.number}}\r\n                </a>\r\n            </li>\r\n        {{/each}}\r\n\r\n        {{#if next}}\r\n            <li class=\"pagination-item pagination-item--next\">\r\n                <a class=\"pagination-link\"\r\n                   href=\"{{next}}\"\r\n                   {{#unless reload}}data-faceted-search-facet{{/unless}}\r\n                   aria-label=\"{{lang 'common.next'}}\"\r\n                >\r\n                    {{lang 'common.next'}}\r\n                    <i class=\"icon\" aria-hidden=\"true\">\r\n                        <svg>\r\n                            <use href=\"#icon-chevron-right\"></use>\r\n                        </svg>\r\n                    </i>\r\n                </a>\r\n            </li>\r\n        {{/if}}\r\n    </ul>\r\n</nav>\r\n",
  "components/carousel-content-announcement": "<span\r\n    data-carousel-content-change-message\r\n    class=\"aria-description--hidden\"\r\n    aria-live=\"polite\" \r\n    role=\"status\"></span>\r\n",
  "components/common/alert/alert-success": "<div class=\"alertBox alertBox--success\">\r\n    <div class=\"alertBox-column alertBox-icon\">\r\n        <icon glyph=\"ic-success\" class=\"icon\" aria-hidden=\"true\"><svg xmlns=\"http://www.w3.org/2000/svg\" width=\"24\" height=\"24\" viewBox=\"0 0 24 24\"><path d=\"M12 2C6.48 2 2 6.48 2 12s4.48 10 10 10 10-4.48 10-10S17.52 2 12 2zm1 15h-2v-2h2v2zm0-4h-2V7h2v6z\"></path></svg></icon>\r\n    </div>\r\n    <p class=\"alertBox-column alertBox-message\">\r\n        <span id=\"alertBox-message-text\">{{{this}}}</span>\r\n    </p>\r\n</div>\r\n",
  "components/common/responsive-img": "{{!--\r\nThis file implements the lazysizes srcset pattern (as seen on\r\nhttps://github.com/aFarkas/lazysizes#modern-transparent-srcset-pattern) for maximum performance on modern browsers\r\nand reasonable compatibility with legacy browsers.\r\n\r\nThere are a few important arguments to know about when using this component:\r\n`lazyload`:\r\n    - If set to 'lazyload+lqip', will load a low-res image which will be replaced by lazysizes - ensuring that SOME\r\n    content is shown immediately on page load. Without LQIP, a transparent gif will be used instead, which reduces\r\n    the number of requests needed to load the page, making it even faster.\r\n    - If set to 'lazyload', the browser will not load the full-size image at first, instead the lazysizes plugin will\r\n        load it progressively after page load. This improves the load speed of the page, but it should be disabled for\r\n        high-priority above-the-fold images.\r\n    - If set to 'disabled', will not attempt to lazyload the image and instead tell the browser to load it immediately.\r\n        Use this for high-priority images that are above the fold.\r\n\r\n`fallback_size`:\r\n    This is the size to use for this image in legacy browsers that do not support srcset.\r\n    Can be defined as a pixel bounding-box size (e.g. \"123x123) or inherent width (e.g. \"123w\").\r\n\r\n`class`:\r\n    The CSS classes to add to the image, e.g. \"card-image\". If lazyloading is enabled, all images will have the\r\n    \"lazyload\" class so that lazysizes will target them automatically.\r\n\r\n`otherAttributes`:\r\n    Any other HTML attributes you want on the img tag, for example \"height='100' width='100'\"\r\n\r\n`default_image`:\r\n    The default image to use if `image` is undefined or falsy. Should be a theme asset, usually defined as a relative\r\n    path in the theme config. If a default image is not provided, you'll get an image tag with no image if the primary\r\n    image is undefined.\r\n\r\n`lqip_size`:\r\n    If you want to specify a particular size for the LQIP image, you can do so with this argument. A default of 80\r\n    pixels wide will be used otherwise. This argument has no effect if the lazyload mode is not \"lazyload+lqip\".\r\n\r\n--}}\r\n<img {{#if image}}{{!-- Get the default image for legacy browsers that do not support srcset\r\n--}}src=\"{{getImageSrcset image 1x=(default fallback_size '160w')}}\" alt=\"{{image.alt}}\" title=\"{{image.alt}}\" {{!--\r\n  Allow lazysizes to generate the 'sizes' attribute automatically --}}data-sizes=\"auto\"\r\n  {{#unless lazyload '==' 'disabled'}}\r\n    {{#if lazyload '==' 'lazyload+lqip'}}\r\n    {{!-- If we want a LQIP, include it as the default srcset (will be overwritten by lazysizes) --}}\r\n    srcset=\"{{getImageSrcset image 1x=(default lqip_size '80w')}}\"\r\n    {{else}}\r\n      {{!-- If we don't want a LQIP, use a 1px transparent gif for the stand-in image\r\n            This requires no additional network request, so it's fast --}}\r\n    srcset=\"data:image/gif;base64,R0lGODlhAQABAIAAAP///wAAACH5BAEAAAAALAAAAAABAAEAAAICRAEAOw==\"\r\n    {{/if}}\r\n{{/unless}}\r\n{{!-- If lazyloading is disabled, just use \"srcset\". If it is not disabled, use \"data-srcset\" so lazysizes will use\r\n      this after page load --}}\r\n{{!--\r\nGenerate the srcset string using the default sizes defined in the helper. This will allow the browser to\r\npick the best-sized image based on its own understanding of how it will render the page.\r\n--}}\r\n{{#unless lazyload '==' 'disabled'}}data-{{/unless}}srcset=\"{{getImageSrcset image use_default_sizes=true }}\"\r\n{{else if default_image}}src=\"{{cdn default_image}}\" alt=\"{{lang 'products.card_default_image_alt'}}\"{{/if}}\r\nclass=\"{{#unless lazyload '==' 'disabled'}}lazyload{{/unless}}{{#if class}} {{class}}{{/if}}\"\r\n{{#if lazyload '==' 'lazyload'}}loading=\"lazy\"{{/if}}\r\n{{otherAttributes}} />\r\n",
  "components/common/alert/alert-error": "<div class=\"alertBox alertBox--error\">\r\n    <div class=\"alertBox-column alertBox-icon\">\r\n        <icon glyph=\"ic-error\" class=\"icon\" aria-hidden=\"true\"><svg xmlns=\"http://www.w3.org/2000/svg\" width=\"24\" height=\"24\" viewBox=\"0 0 24 24\"><path d=\"M12 2C6.48 2 2 6.48 2 12s4.48 10 10 10 10-4.48 10-10S17.52 2 12 2zm1 15h-2v-2h2v2zm0-4h-2V7h2v6z\"></path></svg></icon>\r\n    </div>\r\n    <p class=\"alertBox-column alertBox-message\">\r\n        <span id=\"alertBox-message-text\">{{{this}}}</span>\r\n    </p>\r\n</div>\r\n",
  "components/products/price": "{{!-- There are 2 code paths for generating the PDP pricing HTML determined by the following #and condition.\r\nIf a 'price_range' exists then we generate all HTML in price-range.html, otherwise it is defined here. Both code\r\npaths generate the same HTML structure with some differences in whether that element is displayed by default (css styling).\r\n\r\nIf you are making a change here or in price-range.html, you probably want to make that change in both files. --}}\r\n\r\n{{#and price.price_range (if theme_settings.price_ranges '==' true)}}\r\n    {{> components/products/price-range price=price}}\r\n{{else}}\r\n    <div class=\"price-section price-section--withTax rrp-price--withTax\" {{#unless price.rrp_with_tax}}style=\"display: none;\"{{/unless}}>\r\n        <span>\r\n            {{> components/products/price-label\r\n                label_value=theme_settings.pdp-retail-price-label\r\n                fallback=(lang \"page_builder.pdp-retail-price-label\")\r\n            }}\r\n        </span>\r\n        <span data-product-rrp-with-tax class=\"price price--rrp\">\r\n            {{price.rrp_with_tax.formatted}}\r\n        </span>\r\n    </div>\r\n    <div class=\"price-section price-section--withTax non-sale-price--withTax\" {{#unless price.non_sale_price_with_tax}}style=\"display: none;\"{{/unless}}>\r\n        <span>\r\n            {{> components/products/price-label\r\n                label_value=theme_settings.pdp-non-sale-price-label\r\n                fallback=(lang \"page_builder.pdp-non-sale-price-label\")\r\n            }}\r\n        </span>\r\n        <span data-product-non-sale-price-with-tax class=\"price price--non-sale\">\r\n            {{price.non_sale_price_with_tax.formatted}}\r\n        </span>\r\n    </div>\r\n    <div class=\"price-section price-section--withTax price--withTax\" {{#unless price.with_tax}}style=\"display: none;{{/unless}}>\r\n        <span class=\"price-label\" {{#if price.non_sale_price_with_tax}}style=\"display: none;\"{{/if}}>\r\n            {{theme_settings.pdp-price-label}}\r\n        </span>\r\n        <span class=\"price-now-label\" {{#unless price.non_sale_price_with_tax}}style=\"display: none;\"{{/unless}}>\r\n            {{> components/products/price-label\r\n                label_value=theme_settings.pdp-sale-price-label\r\n                fallback=(lang \"page_builder.pdp-sale-price-label\")\r\n            }}\r\n        </span>\r\n        <span data-product-price-with-tax class=\"price\">{{price.with_tax.formatted}}</span>\r\n        {{#if price.without_tax}}\r\n            <abbr title=\"{{lang 'products.including_tax'}}\">{{lang 'products.price_with_tax' tax_label=price.tax_label}}</abbr>\r\n        {{/if}}\r\n    </div>\r\n    <div class=\"price-section price-section--withoutTax rrp-price--withoutTax{{#if price.with_tax}} price-section--minor{{/if}}\" {{#unless price.rrp_without_tax}}style=\"display: none;\"{{/unless}}>\r\n        <span>\r\n            {{> components/products/price-label\r\n                label_value=theme_settings.pdp-retail-price-label\r\n                fallback=(lang \"page_builder.pdp-retail-price-label\")\r\n            }}\r\n        </span>\r\n        <span data-product-rrp-price-without-tax class=\"price price--rrp\">\r\n            {{price.rrp_without_tax.formatted}}\r\n        </span>\r\n    </div>\r\n    <div class=\"price-section price-section--withoutTax non-sale-price--withoutTax{{#if price.with_tax}} price-section--minor{{/if}}\" {{#unless price.non_sale_price_without_tax}}style=\"display: none;\"{{/unless}}>\r\n        <span>\r\n            {{> components/products/price-label\r\n                label_value=theme_settings.pdp-non-sale-price-label\r\n                fallback=(lang \"page_builder.pdp-non-sale-price-label\")\r\n            }}\r\n        </span>\r\n        <span data-product-non-sale-price-without-tax class=\"price price--non-sale\">\r\n            {{price.non_sale_price_without_tax.formatted}}\r\n        </span>\r\n    </div>\r\n    <div class=\"price-section price-section--withoutTax price--withoutTax\" {{#unless price.without_tax}}style=\"display: none;\"{{/unless}}>\r\n        <span class=\"price-label\" {{#if price.non_sale_price_without_tax}}style=\"display: none;\"{{/if}}>\r\n            {{theme_settings.pdp-price-label}}\r\n        </span>\r\n        <span class=\"price-now-label\" {{#unless price.non_sale_price_without_tax}}style=\"display: none;\"{{/unless}}>\r\n            {{> components/products/price-label\r\n                label_value=theme_settings.pdp-sale-price-label\r\n                fallback=(lang \"page_builder.pdp-sale-price-label\")\r\n            }}\r\n        </span>\r\n        <span data-product-price-without-tax class=\"price{{#if price.with_tax}} price-section--minor{{/if}}\">{{price.without_tax.formatted}}</span>\r\n        {{#if price.with_tax}}\r\n            <abbr title=\"{{lang 'products.excluding_tax'}}\">{{lang 'products.price_without_tax' tax_label=price.tax_label}}</abbr>\r\n        {{/if}}\r\n    </div>\r\n    {{#if page_type '===' 'product'}}\r\n         <div class=\"price-section price-section--saving price\" {{#unless price.saved}}style=\"display: none;\"{{/unless}}>\r\n                <span class=\"price\">{{lang 'products.you_save_opening_text'}}</span>\r\n                <span data-product-price-saved class=\"price price--saving\">\r\n                    {{price.saved.formatted}}\r\n                </span>\r\n                <span class=\"price\">{{lang 'products.you_save_closing_bracket'}}</span>\r\n         </div>\r\n    {{/if}}\r\n{{/and}}\r\n",
  "components/common/login-for-pricing": "<p translate>{{lang 'common.login_for_pricing'}}</p>\r\n",
  "components/products/bulk-discount-rates": "{{#if bulk_discount_rates.length}}\r\n    {{#if product}}<dt class=\"productView-info-name\">{{lang 'products.bulk_pricing.title'}}</dt>{{/if}}\r\n    <dd class=\"productView-info-value\">\r\n        <a href=\"{{product.url}}#bulk_pricing\"\r\n           {{#unless is_ajax }}data-reveal-id=\"modal-bulk-pricing{{#if id}}-{{id}}{{/if}}\"{{/unless}}>\r\n            {{lang 'products.bulk_pricing.view'}}\r\n        </a>\r\n    </dd>\r\n    <div id=\"modal-bulk-pricing{{#if id}}-{{id}}{{/if}}\" class=\"modal modal--small\" data-reveal>\r\n        <div class=\"modal-header\">\r\n            <h2 class=\"modal-header-title\">{{lang 'products.bulk_pricing.modal_title'}}</h2>\r\n            {{> components/common/modal/modal-close-btn}}\r\n        </div>\r\n        <div class=\"modal-body\">\r\n            <p>{{lang 'products.bulk_pricing.instructions'}}</p>\r\n            <ul>\r\n                {{#each bulk_discount_rates}}\r\n                <li>\r\n                    {{lang 'products.bulk_pricing.range' min=min max=max}}\r\n                    {{#if type '===' 'percent'}}\r\n                    {{lang 'products.bulk_pricing.percent' discount=discount.formatted}}\r\n                    {{else if type '===' 'fixed'}}\r\n                    {{lang 'products.bulk_pricing.fixed' discount=discount.formatted}}\r\n                    {{else if type '===' 'price'}}\r\n                    {{lang 'products.bulk_pricing.price' discount=discount.formatted}}\r\n                    {{/if}}\r\n                </li>\r\n                {{/each}}\r\n            </ul>\r\n        </div>\r\n    </div>\r\n{{/if}}\r\n",
  "components/products/modals/writeReview": "<div id=\"modal-review-form\" class=\"modal\" data-reveal>\r\n    {{inject 'reviewRating' (lang 'forms.validate.reviews.rating')}}\r\n    {{inject 'reviewSubject' (lang 'forms.validate.reviews.title')}}\r\n    {{inject 'reviewName' (lang 'forms.validate.reviews.name')}}\r\n    {{inject 'reviewComment' (lang 'forms.validate.reviews.comment')}}\r\n    {{inject 'reviewEmail' (lang 'forms.validate.common.email_address')}}\r\n    <div class=\"modal-header\">\r\n        <h2 class=\"modal-header-title\">{{lang 'products.reviews.write_a_review'}}</h2>\r\n        {{> components/common/modal/modal-close-btn}}\r\n    </div>\r\n    <div class=\"modal-body\">\r\n        <div class=\"writeReview-productDetails\">\r\n            <div class=\"writeReview-productImage-container\">\r\n                {{> components/common/responsive-img\r\n                    image=product.main_image\r\n                    fallback_size=theme_settings.product_size\r\n                    lazyload=theme_settings.lazyload_mode\r\n                    default_image=theme_settings.default_image_product\r\n                }}\r\n            </div>\r\n            <h6 class=\"product-brand\">{{ product.brand.name }}</h6>\r\n            <h5 class=\"product-title\">{{ product.title }}</h5>\r\n        </div>\r\n        <form class=\"form writeReview-form\" action=\"{{ urls.product.post_review }}\" method=\"post\">\r\n            <fieldset class=\"form-fieldset\">\r\n                <div class=\"form-field\">\r\n                    <label class=\"form-label\" for=\"rating-rate\">{{lang 'products.reviews.rating_label'}}\r\n                        <small>{{lang 'common.required' }}</small>\r\n                    </label>\r\n                    <!-- Stars -->\r\n                    <!-- TODO: Review Stars need to be componentised, both for display and input -->\r\n                    <select id=\"rating-rate\" class=\"form-select\" name=\"revrating\" data-input aria-required=\"true\">\r\n                        <option value=\"\">{{lang 'products.reviews.select_rating'}}</option>\r\n                        {{#for 1 5}}\r\n                            {{#if ../product.reviews.selected_rating '===' $index}}\r\n                                <option selected value=\"{{$index}}\">{{lang (concat 'products.reviews.rating.' $index) }}</option>\r\n                            {{else}}\r\n                                <option value=\"{{$index}}\">{{lang (concat 'products.reviews.rating.' $index) }}</option>\r\n                            {{/if}}\r\n                        {{/for}}\r\n                    </select>\r\n                </div>\r\n\r\n                <!-- Name -->\r\n                {{#if product.reviews.author}}\r\n                    {{> components/common/forms/text id=\"revfromname\" name=\"revfromname\" required=\"true\" label=(lang 'products.reviews.form_write.name') value=product.reviews.author}}\r\n                {{else}}\r\n                    {{> components/common/forms/text id=\"revfromname\" name=\"revfromname\" required=\"true\" label=(lang 'products.reviews.form_write.name') value=customer.name}}\r\n                {{/if}}\r\n\r\n                {{#if product.reviews.show_review_email}}\r\n                    <!-- Email -->\r\n                    {{#if product.reviews.email}}\r\n                        {{> components/common/forms/text id=\"email\" name=\"email\" required=\"true\" label=(lang 'products.reviews.form_write.email') value=product.reviews.email}}\r\n                    {{else}}\r\n                        {{> components/common/forms/text id=\"email\" name=\"email\" required=\"true\" label=(lang 'products.reviews.form_write.email') value=customer.email}}\r\n                    {{/if}}\r\n                {{/if}}\r\n\r\n                <!-- Review Subject -->\r\n                {{> components/common/forms/text id=\"revtitle\" name=\"revtitle\" required=\"true\" label=(lang 'products.reviews.form_write.subject') value=product.reviews.title}}\r\n\r\n                <!-- Comments -->\r\n                {{> components/common/forms/multiline id=\"revtext\" name=\"revtext\" required=\"true\" label=(lang 'products.reviews.form_write.comments') value=product.reviews.text}}\r\n\r\n                {{{product.reviews.recaptcha.markup}}}\r\n\r\n                <div class=\"form-field\">\r\n                    <input type=\"submit\" class=\"button button--primary\"\r\n                           value=\"{{lang 'products.reviews.form_write.submit_value' }}\">\r\n                </div>\r\n                <input type=\"hidden\" name=\"product_id\" value=\"{{ product.id }}\">\r\n                <input type=\"hidden\" name=\"action\" value=\"post_review\">\r\n                {{#if product.reviews.throttleToken}}<input type=\"hidden\" name=\"throttleToken\" value=\"{{product.reviews.throttleToken}}\">{{/if}}\r\n            </fieldset>\r\n        </form>\r\n    </div>\r\n</div>\r\n",
  "components/products/custom-fields": "{{#each product.custom_fields}}\r\n<dt class=\"productView-info-name\">{{name}}:</dt>\r\n<dd class=\"productView-info-value\">{{{value}}}</dd>\r\n{{/each}}\r\n",
  "components/products/add-to-cart": "<div id=\"add-to-cart-wrapper\" class=\"add-to-cart-wrapper\" {{#unless product.can_purchase}}style=\"display: none\"{{/unless}}>\r\n    {{#if product.show_quantity_input}}\r\n        {{inject 'productQuantityErrorMessage'  (lang 'products.quantity_error_message')}}\r\n        <div class=\"form-field form-field--increments\">\r\n            <label class=\"form-label form-label--alternate\"\r\n                   for=\"qty[]\">{{lang 'products.quantity'}}</label>\r\n                <div class=\"form-increment\" data-quantity-change>\r\n                    <button class=\"button button--icon\" data-action=\"dec\">\r\n                        <span class=\"is-srOnly\">{{lang 'products.quantity_decrease' name=product.title}}</span>\r\n                        <i class=\"icon\" aria-hidden=\"true\">\r\n                            <svg>\r\n                                <use href=\"#icon-keyboard-arrow-down\"/>\r\n                            </svg>\r\n                        </i>\r\n                    </button>\r\n                    <input class=\"form-input form-input--incrementTotal\"\r\n                           id=\"qty[]\"\r\n                           name=\"qty[]\"\r\n                           type=\"tel\"\r\n                           value=\"{{#if product.min_purchase_quantity}}{{product.min_purchase_quantity}}{{else}}1{{/if}}\"\r\n                           data-quantity-min=\"{{product.min_purchase_quantity}}\"\r\n                           data-quantity-max=\"{{product.max_purchase_quantity}}\"\r\n                           min=\"1\"\r\n                           pattern=\"[0-9]*\"\r\n                           aria-live=\"polite\">\r\n                    <button class=\"button button--icon\" data-action=\"inc\">\r\n                        <span class=\"is-srOnly\">{{lang 'products.quantity_increase' name=product.title}}</span>\r\n                        <i class=\"icon\" aria-hidden=\"true\">\r\n                            <svg>\r\n                                <use href=\"#icon-keyboard-arrow-up\"/>\r\n                            </svg>\r\n                        </i>\r\n                    </button>\r\n                </div>\r\n        </div>\r\n    {{/if}}\r\n\r\n    <div class=\"alertBox productAttributes-message\" style=\"display:none\">\r\n        <div class=\"alertBox-column alertBox-icon\">\r\n            <icon glyph=\"ic-success\" class=\"icon\" aria-hidden=\"true\"><svg xmlns=\"http://www.w3.org/2000/svg\" width=\"24\" height=\"24\" viewBox=\"0 0 24 24\"><path d=\"M12 2C6.48 2 2 6.48 2 12s4.48 10 10 10 10-4.48 10-10S17.52 2 12 2zm1 15h-2v-2h2v2zm0-4h-2V7h2v6z\"></path></svg></icon>\r\n        </div>\r\n        <p class=\"alertBox-column alertBox-message\"></p>\r\n    </div>\r\n    {{#or customer (unless settings.hide_price_from_guests)}}\r\n        <div class=\"add-to-cart-buttons {{#if product.pre_order}}pre-order-buttons{{/if}}\">\r\n            <div class=\"form-action\">\r\n                <input\r\n                        id=\"form-action-addToCart\"\r\n                        data-wait-message=\"{{lang 'products.adding_to_cart'}}\"\r\n                        class=\"button button--primary\"\r\n                        type=\"submit\"\r\n                        value=\"{{#if product.pre_order}}{{lang 'products.pre_order'}}{{else}}{{lang 'products.add_to_cart'}}{{/if}}\"\r\n                >\r\n                <span class=\"product-status-message aria-description--hidden\">{{lang 'products.adding_to_cart'}} {{lang 'category.add_cart_announcement'}}</span>\r\n            </div>\r\n            {{#if this.with_wallet_buttons}}\r\n                <div class=\"add-to-cart-wallet-buttons\" data-add-to-cart-wallet-buttons>\r\n                    {{> components/common/wallet-buttons}}\r\n                </div>\r\n            {{/if}}\r\n        </div>\r\n    {{/or}}\r\n</div>\r\n",
  "components/common/share": "{{#if settings.add_this.buttons}}\r\n    {{assignVar 'encodedUrl' (encodeURI url)}}\r\n    {{assignVar 'encodedTitle' (encodeURI head.title)}}\r\n    <div>\r\n        <ul class=\"socialLinks\">\r\n            {{#each settings.add_this.buttons}}\r\n                <li class=\"socialLinks-item socialLinks-item--{{service}}\">\r\n                    {{#if service '===' 'facebook'}}\r\n                    <a class=\"socialLinks__link icon icon--{{service}}\"\r\n                       title=\"{{{capitalize service}}}\"\r\n                       href=\"https://facebook.com/sharer/sharer.php?u={{getVar 'encodedUrl'}}\"\r\n                       target=\"_blank\"\r\n                       rel=\"noopener\"\r\n                       {{{annotation}}}\r\n                    >\r\n                        <span class=\"aria-description--hidden\">{{{capitalize service}}}</span>\r\n                        <svg>\r\n                            <use href=\"#icon-facebook\"/>\r\n                        </svg>\r\n                    </a>\r\n                    {{else if service '===' 'email'}}\r\n                    <a class=\"socialLinks__link icon icon--{{service}}\"\r\n                       title=\"{{{capitalize service}}}\"\r\n                       href=\"mailto:?subject={{getVar 'encodedTitle'}}&amp;body={{getVar 'encodedUrl'}}\"\r\n                       target=\"_self\"\r\n                       rel=\"noopener\"\r\n                       {{{annotation}}}\r\n                    >\r\n                        <span class=\"aria-description--hidden\">{{{capitalize service}}}</span>\r\n                        <svg>\r\n                            <use href=\"#icon-envelope\"/>\r\n                        </svg>\r\n                    </a>\r\n                    {{else if service '===' 'print'}}\r\n                    <a class=\"socialLinks__link icon icon--{{service}}\"\r\n                       title=\"{{{capitalize service}}}\"\r\n                       onclick=\"window.print();return false;\"\r\n                       {{{annotation}}}\r\n                    >\r\n                        <span class=\"aria-description--hidden\">{{{capitalize service}}}</span>\r\n                        <svg>\r\n                            <use href=\"#icon-print\"/>\r\n                        </svg>\r\n                    </a>\r\n                    {{else if service '===' 'twitter'}}\r\n                    <a class=\"socialLinks__link icon icon--x\"\r\n                       href=\"https://x.com/intent/tweet/?text={{getVar 'encodedTitle'}}&amp;url={{getVar 'encodedUrl'}}\"\r\n                       target=\"_blank\"\r\n                       rel=\"noopener\"\r\n                       title=\"X\"\r\n                       {{{annotation}}}\r\n                    >\r\n                        <span class=\"aria-description--hidden\">X</span>\r\n                        <svg>\r\n                            <use href=\"#icon-x\"/>\r\n                        </svg>\r\n                    </a>\r\n                    {{else if service '===' 'linkedin'}}\r\n                    <a class=\"socialLinks__link icon icon--{{service}}\"\r\n                       title=\"{{{capitalize service}}}\"\r\n                       href=\"https://www.linkedin.com/shareArticle?mini=true&amp;url={{getVar 'encodedUrl'}}&amp;title={{getVar 'encodedTitle'}}&amp;summary={{getVar 'encodedTitle'}}&amp;source={{getVar 'encodedUrl'}}\"\r\n                       target=\"_blank\"\r\n                       rel=\"noopener\"\r\n                       {{{annotation}}}\r\n                    >\r\n                        <span class=\"aria-description--hidden\">{{{capitalize service}}}</span>\r\n                        <svg>\r\n                            <use href=\"#icon-linkedin\"/>\r\n                        </svg>\r\n                    </a>\r\n                    {{else if service '===' 'pinterest'}}\r\n                    <a class=\"socialLinks__link icon icon--{{service}}\"\r\n                       title=\"{{{capitalize service}}}\"\r\n                       href=\"https://pinterest.com/pin/create/button/?url={{getVar 'encodedUrl'}}&amp;media={{getImageSrcset ../product.main_image (cdn ../theme_settings.default_image_product) 1x=../theme_settings.zoom_size}}&amp;description={{getVar 'encodedTitle'}}\"\r\n                       target=\"_blank\"\r\n                       rel=\"noopener\"\r\n                       {{{annotation}}}\r\n                    >\r\n                        <span class=\"aria-description--hidden\">{{{capitalize service}}}</span>\r\n                        <svg>\r\n                            <use href=\"#icon-pinterest\"/>\r\n                        </svg>\r\n                    </a>\r\n                    {{/if}}\r\n                </li>\r\n            {{/each}}\r\n        </ul>\r\n    </div>\r\n{{/if}}\r\n{{#if settings.facebook_like_button.enabled}}\r\n    <iframe\r\n        class=\"facebook{{#if settings.facebook_like_button.verb '===' 'recommend'}}Recommend{{else}}Like{{/if}}Btn\"\r\n        style=\"border:none; overflow:hidden; margin: 0; padding: 0; position:absolute\"\r\n        src=\"https://www.facebook.com/plugins/like.php?href={{settings.facebook_like_button.href}}&amp;layout=button_count{{#if settings.facebook_like_button.verb '===' 'recommend'}}&amp;action=recommend{{/if}}&amp;colorscheme=light&amp;height=20\"\r\n        scrolling=\"no\"\r\n        frameborder=\"0\"\r\n        allowTransparency=\"true\">\r\n    </iframe>\r\n{{/if}}\r\n",
  "components/common/wishlist-dropdown": "<form action=\"{{product.add_to_wishlist_url}}\" class=\"form form-wishlist form-action\" data-wishlist-add method=\"post\">\r\n    <a aria-controls=\"wishlist-dropdown\"\r\n       aria-expanded=\"false\"\r\n       class=\"button dropdown-menu-button\"\r\n       data-dropdown=\"wishlist-dropdown\"\r\n       href=\"#\"\r\n    >\r\n        <span>{{lang 'account.wishlists.add_item'}}</span>\r\n        <i aria-hidden=\"true\" class=\"icon\">\r\n            <svg>\r\n                <use href=\"#icon-chevron-down\" />\r\n            </svg>\r\n        </i>\r\n    </a>\r\n    <ul aria-hidden=\"true\" class=\"dropdown-menu\" data-dropdown-content id=\"wishlist-dropdown\">\r\n        {{#if customer.wishlists}}\r\n            {{#each customer.wishlists}}\r\n                <li>\r\n                    <input class=\"button {{#if this.num_items '!==' '0'}}button--has-items{{/if}}\"\r\n                           formaction=\"{{this.add_url}}&product_id={{../product.id}}\"\r\n                           type=\"submit\"\r\n                           value=\"{{this.name}}\"\r\n                    >\r\n                </li>\r\n            {{/each}}\r\n        {{else}}\r\n        <li>\r\n            <input class=\"button\" type=\"submit\" value=\"{{lang 'account.wishlists.add_to_default'}}\">\r\n        </li>\r\n        {{/if}}\r\n        <li>\r\n            <a data-wishlist class=\"button\" href=\"/wishlist.php?action=addwishlist&product_id={{product.id}}\">{{lang 'account.wishlists.create_new'}}</a>\r\n        </li>\r\n    </ul>\r\n</form>\r\n",
  "components/products/description-tabs": "<ul class=\"tabs\" data-tab>\r\n    {{#if product.description}}\r\n        <li class=\"tab is-active\">\r\n            <a class=\"tab-title\" href=\"#tab-description\">{{lang 'products.description'}}</a>\r\n        </li>\r\n    {{/if}}\r\n    {{#if product.warranty}}\r\n        <li class=\"tab {{#unless product.description}}is-active{{/unless}}\">\r\n            <a class=\"tab-title\" href=\"#tab-warranty\">{{lang 'products.warranty'}}</a>\r\n        </li>\r\n    {{/if}}\r\n    {{#all product.custom_fields theme_settings.show_custom_fields_tabs}}\r\n        <li class=\"tab\">\r\n            <a class=\"tab-title\"\r\n               href=\"#tab-{{dashcase (lowercase (sanitize theme_settings.pdp-custom-fields-tab-label))}}\"\r\n            >\r\n                {{sanitize theme_settings.pdp-custom-fields-tab-label}}\r\n            </a>\r\n        </li>\r\n    {{/all}}\r\n    {{#all settings.show_product_reviews theme_settings.show_product_reviews product.reviews.total}}\r\n        <li class=\"tab\">\r\n            <a class=\"tab-title productView-reviewTabLink\" href=\"#tab-reviews\">{{lang 'products.reviews.header' total=product.reviews.total}}</a>\r\n        </li>\r\n    {{/all}}\r\n</ul>\r\n<div class=\"tabs-contents\">\r\n    {{#if product.description}}\r\n        <div class=\"tab-content is-active\" id=\"tab-description\">\r\n            {{{product.description}}}\r\n        </div>\r\n    {{/if}}\r\n    {{#if product.warranty}}\r\n        <div class=\"tab-content {{#unless product.description}}is-active{{/unless}}\" id=\"tab-warranty\">\r\n            {{{product.warranty}}}\r\n        </div>\r\n    {{/if}}\r\n    {{#all product.custom_fields theme_settings.show_custom_fields_tabs}}\r\n      <div class=\"tab-content\" id=\"tab-{{dashcase (lowercase (sanitize theme_settings.pdp-custom-fields-tab-label))}}\">\r\n         <dl class=\"productView-info\">\r\n            {{> components/products/custom-fields }}\r\n         </dl>\r\n      </div>\r\n    {{/all}}\r\n    {{#all settings.show_product_reviews theme_settings.show_product_reviews}}\r\n       <div class=\"tab-content\" id=\"tab-reviews\">\r\n           {{> components/products/reviews reviews=product.reviews product=product urls=urls}}\r\n       </div>\r\n    {{/all}}\r\n</div>\r\n",
  "components/products/description": "{{#if product.description}}\r\n    <p class=\"productView-title\">{{lang 'products.description'}}</p>\r\n    <div class=\"productView-description\" data-event-type=\"product\">\r\n        {{{product.description}}}\r\n    </div>\r\n{{/if}}\r\n\r\n{{#if product.warranty}}\r\n    <p class=\"productView-title\">{{lang 'products.warranty'}}</p>\r\n    <div class=\"productView-description\">\r\n        {{{product.warranty}}}\r\n    </div>\r\n{{/if}}\r\n",
  "components/common/modal/modal-close-btn": "<button class=\"modal-close\"\r\n        type=\"button\"\r\n        title=\"{{lang 'common.close'}}\"\r\n        {{additional_attr}}\r\n>\r\n    <span class=\"aria-description--hidden\">{{lang 'common.close'}}</span>\r\n    <span aria-hidden=\"true\">&#215;</span>\r\n</button>\r\n",
  "components/products/options/input-checkbox": "<div class=\"form-field\" data-product-attribute=\"input-checkbox\">\r\n    <label class=\"form-label form-label--alternate form-label--inlineSmall\">\r\n        {{display_name}}:\r\n\r\n        {{> components/common/requireness-msg}}\r\n    </label>\r\n    <input type=\"hidden\" name=\"attribute[{{id}}]\" value=\"{{noValue}}\" />\r\n    <div class=\"form-option-wrapper\">\r\n        <input\r\n            class=\"form-checkbox\"\r\n            type=\"checkbox\"\r\n            name=\"attribute[{{id}}]\"\r\n            id=\"attribute-check-{{id}}\"\r\n            value=\"{{value}}\"\r\n            {{#if checked}}\r\n                checked\r\n                data-default\r\n            {{/if}}\r\n            {{#if required}}required{{/if}}>\r\n\r\n        <label class=\"form-label {{class}}\" for=\"attribute-check-{{id}}\">{{label}}</label>\r\n    </div>\r\n</div>\r\n",
  "components/products/options/date": "<div class=\"form-field\" data-product-attribute=\"date\">\r\n    <label class=\"form-label form-label--alternate form-label--inlineSmall\" {{#if style}}style=\"{{style}}\" {{/if}}>\r\n        {{this.display_name}}:\r\n\r\n        {{> components/common/requireness-msg}}\r\n    </label>\r\n    <select class=\"form-select form-select--date\" name=\"attribute[{{this.id}}][year]\" id=\"year-selector\" {{#if required}}required{{/if}}>\r\n        <option value=\"\">{{lang 'common.year'}}</option>\r\n        {{#for earliest_year latest_year}}\r\n            <option value=\"{{$index}}\" {{#if ../selected_date.year '==' $index}}selected=\"selected\"{{/if}}>\r\n                {{$index}}\r\n            </option>\r\n        {{/for}}\r\n        {{#if earliest_year '==' latest_year}}\r\n        <option value=\"{{earliest_year}}\" selected=\"selected\">{{earliest_year}}</option>\r\n        {{/if}}\r\n    </select>\r\n    <select class=\"form-select form-select--date\" name=\"attribute[{{this.id}}][month]\" id=\"month-selector\" {{#if required}}required{{/if}}>\r\n        <option value=\"\">{{lang 'common.month'}}</option>\r\n        {{#for 1 12}}\r\n            <option value=\"{{$index}}\" {{#if ../selected_date.month '==' $index}}selected=\"selected\"{{/if}}>\r\n                {{lang (concat 'common.short_months.' $index)}}\r\n            </option>\r\n        {{/for}}\r\n    </select>\r\n    <select class=\"form-select form-select--date\" name=\"attribute[{{this.id}}][day]\" {{#if required}}required{{/if}}>\r\n        <option value=\"\">{{lang 'common.day'}}</option>\r\n        <optgroup id=\"day-selector\">\r\n        {{#for 1 31}}\r\n            <option value=\"{{$index}}\" {{#if ../selected_date.day '==' $index}}selected=\"selected\"{{/if}}>\r\n                {{$index}}\r\n            </option>\r\n        {{/for}}\r\n        </optgroup>\r\n    </select>\r\n</div>\r\n",
  "components/products/options/input-file": "<div class=\"form-field\" data-product-attribute=\"input-file\">\r\n    <label class=\"form-label form-label--alternate form-label--inlineSmall\" for=\"attribute_file_{{id}}\">\r\n        {{ this.display_name }}:\r\n\r\n        {{> components/common/requireness-msg}}\r\n    </label>\r\n\r\n    <input\r\n        class=\"form-file\"\r\n        type=\"file\"\r\n        id=\"attribute_file_{{id}}\"\r\n        name=\"attribute[{{this.id}}]\"\r\n        {{#and required (unless prefill)}}required{{/and}}\r\n    >\r\n    {{#if original_name}}\r\n        {{{lang 'products.file_option_set' url=file_url name=original_name}}}\r\n        <label>{{lang 'cart.remove_file'}}<input type=\"checkbox\" name=\"{{file_remove}}\"></label>\r\n    {{/if}}\r\n    <p class=\"form-fileDescription\">\r\n        {{#if file_size}}\r\n            {{lang 'products.max_filesize'}}\r\n            <strong>{{file_size}}{{lang 'products.kilobytes_abbreviation'}}</strong>,\r\n        {{/if}}\r\n        {{#if file_types}}\r\n            {{lang 'products.filetypes'}} <strong>{{file_types}}</strong>\r\n        {{/if}}\r\n    </p>\r\n</div>\r\n",
  "components/products/options/input-numbers": "<div class=\"form-field\" data-product-attribute=\"input-number\">\r\n    <label class=\"form-label form-label--alternate form-label--inlineSmall\" for=\"attribute_number_{{id}}\">\r\n        {{ this.display_name }}:\r\n\r\n        {{> components/common/requireness-msg}}\r\n    </label>\r\n\r\n    <input class=\"form-input\" type=\"number\" id=\"attribute_number_{{id}}\" {{#unless this.integer_only}}step=\"any\"{{/unless}} name=\"attribute[{{this.id}}]\" value=\"{{this.prefill}}\" {{#if required}}required{{/if}}>\r\n</div>\r\n",
  "components/products/options/input-text": "<div class=\"form-field\" data-product-attribute=\"input-text\">\r\n    <label class=\"form-label form-label--alternate form-label--inlineSmall\" for=\"attribute_text_{{id}}\">\r\n        {{ this.display_name }}:\r\n\r\n        {{> components/common/requireness-msg}}\r\n    </label>\r\n\r\n    <input class=\"form-input form-input--small\" type=\"text\" id=\"attribute_text_{{id}}\" name=\"attribute[{{this.id}}]\" value=\"{{this.prefill}}\" {{#if required}}required{{/if}} {{#if max_length}}maxlength=\"{{max_length}}\"{{/if}}>\r\n</div>\r\n",
  "components/products/options/product-list": "<div class=\"form-field\" data-product-attribute=\"product-list\" role=\"radiogroup\" aria-labelledby=\"product-list-label\">\r\n    <label class=\"form-label form-label--alternate form-label--inlineSmall\" id=\"product-list-label\">\r\n        {{display_name}}:\r\n        <span data-option-value></span>\r\n\r\n        {{> components/common/requireness-msg}}\r\n    </label>\r\n\r\n    {{#if values.0.image}}\r\n        <ul class=\"productOptions-list\">\r\n            {{#unless required}}\r\n                <li class=\"productOptions-list-item\">\r\n                    <input class=\"form-radio\"\r\n                           type=\"radio\"\r\n                           name=\"attribute[{{id}}]\"\r\n                           value=\"\"\r\n                           id=\"attribute_productlist_{{id}}_none\"\r\n                           {{#unless defaultValue}}checked{{/unless}}>\r\n                    <label class=\"form-label\" for=\"attribute_productlist_{{id}}_none\">{{lang 'products.none'}}</label>\r\n                </li>\r\n            {{/unless}}\r\n            {{#each values}}\r\n                <li class=\"productOptions-list-item\" data-product-attribute-value=\"{{id}}\">\r\n                    {{#if image}}\r\n                        <figure class=\"productOptions-list-item-figure\">\r\n                            {{> components/common/responsive-img\r\n                                image=image\r\n                                class=\"productOptions-list-item-image\"\r\n                                lazyload='lazyload+lqip'\r\n                            }}\r\n                        </figure>\r\n                    {{/if}}\r\n                    <div class=\"productOptions-list-item-content\">\r\n                        <input\r\n                            class=\"form-radio\"\r\n                            type=\"radio\"\r\n                            name=\"attribute[{{../id}}]\"\r\n                            value=\"{{id}}\"\r\n                            id=\"attribute_productlist_{{../id}}_{{id}}\"\r\n                            {{#if selected}}\r\n                                checked\r\n                                data-default\r\n                            {{/if}}\r\n                            {{#if ../required}}required{{/if}}>\r\n                        <label data-product-attribute-value=\"{{id}}\" class=\"form-label\" for=\"attribute_productlist_{{../id}}_{{id}}\">{{label}}</label>\r\n                    </div>\r\n                </li>\r\n            {{/each}}\r\n        </ul>\r\n    {{else}}\r\n        {{#unless required}}\r\n        <input class=\"form-radio\"\r\n               type=\"radio\"\r\n               name=\"attribute[{{id}}]\"\r\n               value=\"0\"\r\n               id=\"attribute_productlist_0_{{id}}\"\r\n               {{#unless defaultValue}}checked{{/unless}}>\r\n        <label class=\"form-label\" for=\"attribute_productlist_0_{{id}}\">{{lang 'products.none'}}</label>\r\n        {{/unless}}\r\n        {{#each values}}\r\n            <input\r\n                class=\"form-radio\"\r\n                type=\"radio\"\r\n                name=\"attribute[{{../id}}]\"\r\n                value=\"{{id}}\"\r\n                id=\"attribute_productlist_{{../id}}_{{id}}\"\r\n                {{#if selected}}\r\n                    checked\r\n                    data-default\r\n                {{/if}}\r\n                {{#if ../required}}required{{/if}}>\r\n            <label data-product-attribute-value=\"{{id}}\" class=\"form-label\" for=\"attribute_productlist_{{../id}}_{{id}}\">{{label}}</label>\r\n        {{/each}}\r\n    {{/if}}\r\n</div>\r\n",
  "components/products/options/set-radio": "<div class=\"form-field\" data-product-attribute=\"set-radio\" role=\"radiogroup\" aria-labelledby=\"radio-group-label-{{id}}\">\r\n    <label class=\"form-label form-label--alternate form-label--inlineSmall\" id=\"radio-group-label-{{id}}\">\r\n        {{ this.display_name }}:\r\n\r\n        {{> components/common/requireness-msg}}\r\n    </label>\r\n\r\n    {{#unless required}}\r\n        <input\r\n            class=\"form-radio\"\r\n            type=\"radio\"\r\n            id=\"attribute_radio_{{id}}_none\"\r\n            name=\"attribute[{{id}}]\"\r\n            value=\"\"\r\n            checked=\"{{#if defaultValue '==' ''}}checked{{/if}}\"\r\n        >\r\n        <label class=\"form-label\" for=\"attribute_radio_{{id}}_none\">{{lang 'products.none'}}</label>\r\n    {{/unless}}\r\n\r\n    {{#each this.values}}\r\n        <input\r\n            class=\"form-radio\"\r\n            type=\"radio\"\r\n            id=\"attribute_radio_{{../id}}_{{id}}\"\r\n            name=\"attribute[{{../id}}]\"\r\n            value=\"{{id}}\"\r\n            {{#if selected}}\r\n                checked\r\n                data-default\r\n            {{/if}}\r\n            {{#if ../required}}required{{/if}}>\r\n        <label data-product-attribute-value=\"{{id}}\" class=\"form-label\" for=\"attribute_radio_{{../id}}_{{id}}\">{{this.label}}</label>\r\n    {{/each}}\r\n</div>\r\n",
  "components/products/options/set-rectangle": "<div class=\"form-field\" data-product-attribute=\"set-rectangle\" role=\"radiogroup\" aria-labelledby=\"rectangle-group-label\">\r\n    <label class=\"form-label form-label--alternate form-label--inlineSmall\" id=\"rectangle-group-label\">\r\n        {{this.display_name}}:\r\n        <span data-option-value></span>\r\n\r\n        {{> components/common/requireness-msg}}\r\n    </label>\r\n\r\n    {{#unless required}}\r\n        <input\r\n            class=\"form-radio\"\r\n            type=\"radio\"\r\n            id=\"attribute_rectangle__{{id}}_none\"\r\n            name=\"attribute[{{id}}]\"\r\n            value=\"\"\r\n            checked=\"{{#if defaultValue '==' ''}}checked{{/if}}\"\r\n        >\r\n        <label class=\"form-option\" for=\"attribute_rectangle__{{id}}_none\">\r\n            <span class=\"form-option-variant\">{{lang 'products.none'}}</span>\r\n        </label>\r\n    {{/unless}}\r\n\r\n    {{#each this.values}}\r\n    <div class=\"form-option-wrapper\">    \r\n        <input\r\n            class=\"form-radio\"\r\n            type=\"radio\"\r\n            id=\"attribute_rectangle__{{../id}}_{{id}}\"\r\n            name=\"attribute[{{../id}}]\"\r\n            value=\"{{id}}\"\r\n            {{#if selected}}\r\n                checked\r\n                data-default\r\n            {{/if}}\r\n            {{#if ../required}}required{{/if}}\r\n        >\r\n        <label class=\"form-option\" for=\"attribute_rectangle__{{../id}}_{{id}}\" data-product-attribute-value=\"{{id}}\">\r\n            <span class=\"form-option-variant\">{{this.label}}</span>\r\n        </label>\r\n    </div>\r\n    {{/each}}\r\n</div>\r\n",
  "components/products/options/set-select": "<div class=\"form-field\" data-product-attribute=\"set-select\">\r\n    <label class=\"form-label form-label--alternate form-label--inlineSmall\" for=\"attribute_select_{{id}}\">\r\n        {{ this.display_name }}:\r\n\r\n        {{> components/common/requireness-msg}}\r\n    </label>\r\n\r\n    <select class=\"form-select form-select--small\" name=\"attribute[{{this.id}}]\" id=\"attribute_select_{{id}}\" {{#if required}}required{{/if}}>\r\n        <option value=\"\">{{lang 'products.choose_options'}}</option>\r\n        {{#each this.values}}\r\n            <option data-product-attribute-value=\"{{id}}\" value=\"{{id}}\" {{#if selected}}selected data-default{{/if}}>{{label}}</option>\r\n        {{/each}}\r\n    </select>\r\n</div>\r\n",
  "components/products/options/swatch": "<div class=\"form-field\" data-product-attribute=\"swatch\" role=\"radiogroup\" aria-labelledby=\"swatchGroup_{{id}}\">\r\n    <label class=\"form-label form-label--alternate form-label--inlineSmall\" id=\"swatchGroup_{{id}}\">\r\n        {{this.display_name}}:\r\n        <span data-option-value></span>\r\n\r\n        {{> components/common/requireness-msg}}\r\n    </label>\r\n    <span\r\n        class=\"swatch-option-message aria-description--hidden u-hidden\">\r\n        {{ lang 'products.swatch_option_announcement' swatch_name=this.display_name}}\r\n    </span>\r\n\r\n    {{#unless required}}\r\n        <input\r\n            class=\"form-radio\"\r\n            type=\"radio\"\r\n            name=\"attribute[{{id}}]\"\r\n            value=\"\"\r\n            id=\"attribute_swatch_{{id}}_none\"\r\n            checked=\"{{#if defaultValue '==' ''}}checked{{/if}}\"\r\n            aria-label=\"{{lang 'products.none'}}\"\r\n        >\r\n        <label class=\"form-option form-option-swatch\" for=\"attribute_swatch_{{id}}_none\">\r\n            <span class='form-option-variant form-option-variant--none' title=\"{{lang 'products.none'}}\">{{lang 'products.none'}}</span>\r\n        </label>\r\n    {{/unless}}\r\n\r\n    {{#each this.values}}\r\n    <div class=\"form-option-wrapper\">\r\n        <input class=\"form-radio\"\r\n               type=\"radio\"\r\n               name=\"attribute[{{../id}}]\"\r\n               value=\"{{id}}\"\r\n               id=\"attribute_swatch_{{../id}}_{{id}}\"\r\n               {{#if selected}}checked data-default{{/if}}\r\n               {{#if ../required}}required{{/if}}\r\n               aria-label=\"{{this.label}}\"\r\n        >\r\n        <label class=\"form-option form-option-swatch\" for=\"attribute_swatch_{{../id}}_{{id}}\" data-product-attribute-value=\"{{id}}\">\r\n            {{#if image}}\r\n                <span class='form-option-variant form-option-variant--pattern' title=\"{{this.label}}\" style=\"background-image: url('{{getImage image \"swatch_option_size\"}}');\"></span>\r\n            {{/if}}\r\n            {{#if data.[2]}}\r\n                <span class='form-option-variant form-option-variant--color' title=\"{{this.label}}\" style=\"background-color: #{{data.[0]}}\"></span>\r\n                <span class='form-option-variant form-option-variant--color' title=\"{{this.label}}\" style=\"background-color: #{{data.[1]}}\"></span>\r\n                <span class='form-option-variant form-option-variant--color' title=\"{{this.label}}\" style=\"background-color: #{{data.[2]}}\"></span>\r\n            {{else}}\r\n                {{#if data.[1]}}\r\n                    <span class='form-option-variant form-option-variant--color' title=\"{{this.label}}\" style=\"background-color: #{{data.[0]}}\"></span>\r\n                    <span class='form-option-variant form-option-variant--color' title=\"{{this.label}}\" style=\"background-color: #{{data.[1]}}\"></span>\r\n                {{else}}\r\n                    {{#if data.[0]}}\r\n                        <span class='form-option-variant form-option-variant--color' title=\"{{this.label}}\" style=\"background-color: #{{data.[0]}}\"></span>\r\n                    {{/if}}\r\n                {{/if}}\r\n            {{/if}}\r\n            {{#if pattern}}\r\n                        test\r\n                <span class=\"form-option-expanded\">\r\n                    <span class=\"form-option-image\" style=\"background-image: url('{{getImage image 'core-swatch'}}');\"></span>\r\n                </span>\r\n            {{/if}}\r\n        </label>\r\n    </div>\r\n    {{/each}}\r\n</div>\r\n",
  "components/products/options/textarea": "<div class=\"form-field\" data-product-attribute=\"textarea\">\r\n    <label class=\"form-label form-label--alternate form-label--inlineSmall\" for=\"attribute_textarea_{{id}}\">\r\n        {{display_name}}:\r\n\r\n        {{> components/common/requireness-msg}}\r\n    </label>\r\n\r\n    <textarea class=\"form-input\" id=\"attribute_textarea_{{id}}\" name=\"attribute[{{id}}]\" {{#if required}}required{{/if}} {{#if max_length}}maxlength={{max_length}}{{/if}}>{{prefill}}</textarea>\r\n</div>\r\n",
  "components/products/price-range": "{{#and price.retail_price_range.min.with_tax price.retail_price_range.max.with_tax}}\r\n    <div class=\"price-section price-section--withTax rrp-price--withTax\">\r\n        <span>\r\n            {{> components/products/price-label\r\n                label_value=theme_settings.pdp-retail-price-label\r\n                fallback=(lang \"page_builder.pdp-retail-price-label\")\r\n            }}\r\n        </span>\r\n        <span data-product-rrp-price-with-tax class=\"price price--rrp\">{{price.retail_price_range.min.with_tax.formatted}} - {{price.retail_price_range.max.with_tax.formatted}}</span>\r\n    </div>\r\n{{else}}\r\n    {{#if price.with_tax}}\r\n        <div class=\"price-section price-section--withTax rrp-price--withTax\" style=\"display: none;\">\r\n            <span>\r\n                {{> components/products/price-label\r\n                    label_value=theme_settings.pdp-retail-price-label\r\n                    fallback=(lang \"page_builder.pdp-retail-price-label\")\r\n                }}\r\n            </span>\r\n            <span data-product-rrp-with-tax class=\"price price--rrp\">\r\n                {{price.rrp_with_tax.formatted}}\r\n            </span>\r\n        </div>\r\n    {{/if}}\r\n{{/and}}\r\n{{#and price.price_range.min.with_tax price.price_range.max.with_tax}}\r\n    {{!-- Never display the \"non-sales price\" if there is a price range to be shown, but we do want the element on the page --}}\r\n    <div class=\"price-section price-section--withTax non-sale-price--withTax\" style=\"display: none;\">\r\n        <span>\r\n            {{> components/products/price-label\r\n                label_value=theme_settings.pdp-non-sale-price-label\r\n                fallback=(lang \"page_builder.pdp-non-sale-price-label\")\r\n            }}\r\n        </span>\r\n        <span data-product-non-sale-price-with-tax class=\"price price--non-sale\">\r\n            {{price.non_sale_price_with_tax.formatted}}\r\n        </span>\r\n    </div>\r\n    <div class=\"price-section price-section--withTax price--withTax\">\r\n        <span class=\"price-label\">{{theme_settings.pdp-price-label}}</span>\r\n        <span class=\"price-now-label\" style=\"display: none;\">\r\n            {{> components/products/price-label\r\n                label_value=theme_settings.pdp-sale-price-label\r\n                fallback=(lang \"page_builder.pdp-sale-price-label\")\r\n            }}\r\n        </span>\r\n        <span data-product-price-with-tax class=\"price\">{{price.price_range.min.with_tax.formatted}} - {{price.price_range.max.with_tax.formatted}}</span>\r\n        {{#and price.price_range.min.without_tax price.price_range.max.without_tax}}\r\n            <abbr title=\"{{lang 'products.including_tax'}}\">{{lang 'products.price_with_tax' tax_label=price.price_range.min.tax_label}}</abbr>\r\n        {{/and}}\r\n    </div>\r\n{{/and}}\r\n{{#and price.retail_price_range.min.without_tax price.retail_price_range.max.without_tax}}\r\n    <div class=\"price-section price-section--withoutTax rrp-price--withoutTax{{#if price.with_tax}} price-section--minor{{/if}}\">\r\n        <span>\r\n            {{> components/products/price-label\r\n                label_value=theme_settings.pdp-retail-price-label\r\n                fallback=(lang \"page_builder.pdp-retail-price-label\")\r\n            }}\r\n        </span>\r\n        <span data-product-rrp-price-without-tax class=\"price price--rrp\">{{price.retail_price_range.min.without_tax.formatted}} - {{price.retail_price_range.max.without_tax.formatted}}</span>\r\n    </div>\r\n{{else}}\r\n    {{#if price.without_tax}}\r\n        <div class=\"price-section price-section--withoutTax rrp-price--withoutTax{{#if price.with_tax}} price-section--minor{{/if}}\" style=\"display: none;\">\r\n            <span>\r\n                {{> components/products/price-label\r\n                    label_value=theme_settings.pdp-retail-price-label\r\n                    fallback=(lang \"page_builder.pdp-retail-price-label\")\r\n                }}\r\n            </span>\r\n            <span data-product-rrp-price-without-tax class=\"price price--rrp\">\r\n                {{price.rrp_without_tax.formatted}}\r\n            </span>\r\n        </div>\r\n    {{/if}}\r\n{{/and}}\r\n{{#and price.price_range.min.without_tax price.price_range.max.without_tax}}\r\n    {{!-- Never display the \"non-sales price\" if there is a price range to be shown, but we do want the element on the page --}}\r\n    <div class=\"price-section price-section--withoutTax non-sale-price--withoutTax{{#if price.with_tax}} price-section--minor{{/if}}\" style=\"display: none;\">\r\n        <span>\r\n            {{> components/products/price-label\r\n                label_value=theme_settings.pdp-non-sale-price-label\r\n                fallback=(lang \"page_builder.pdp-non-sale-price-label\")\r\n            }}\r\n        </span>\r\n        <span data-product-non-sale-price-without-tax class=\"price price--non-sale\">\r\n            {{price.non_sale_price_without_tax.formatted}}\r\n        </span>\r\n    </div>\r\n    <div class=\"price-section price-section--withoutTax price--withoutTax{{#and price_range.min.with_tax price_range.max.with_tax}} price-section--minor{{/and}}\">\r\n        <span class=\"price-label\">{{theme_settings.pdp-price-label}}</span>\r\n        <span class=\"price-now-label\" style=\"display: none;\">\r\n            {{> components/products/price-label\r\n                label_value=theme_settings.pdp-sale-price-label\r\n                fallback=(lang \"page_builder.pdp-sale-price-label\")\r\n            }}\r\n        </span>\r\n        <span data-product-price-without-tax class=\"price\">{{price.price_range.min.without_tax.formatted}} - {{price.price_range.max.without_tax.formatted}}</span>\r\n        {{#and price.price_range.min.with_tax price.price_range.max.with_tax}}\r\n            <abbr title=\"{{lang 'products.excluding_tax'}}\">{{lang 'products.price_without_tax' tax_label=price.price_range.min.tax_label}}</abbr>\r\n        {{/and}}\r\n    </div>\r\n{{/and}}\r\n\r\n{{!-- Never display the \"saving price\" element by default if there is a price range on the page to be shown --}}\r\n{{#if page_type '===' 'product'}}\r\n     <div class=\"price-section price-section--saving price\" style=\"display: none;\">\r\n            <span class=\"price\">{{lang 'products.you_save_opening_text'}}</span>\r\n            <span data-product-price-saved class=\"price price--saving\">\r\n                {{price.saved.formatted}}\r\n            </span>\r\n            <span class=\"price\">{{lang 'products.you_save_closing_bracket'}}</span>\r\n     </div>\r\n{{/if}}\r\n",
  "components/products/price-label": "{{#if label_value '===' ''}}\r\n    {{fallback}}\r\n{{else}}\r\n    {{label_value}}\r\n{{/if}}\r\n",
  "components/common/forms/text": "<div class=\"form-field\" id=\"{{id}}\" data-validation=\"{{validation}}\" {{#if private_id}}data-type=\"{{private_id}}\"{{/if}}>\r\n    <label class=\"form-label\" for=\"{{id}}_input\">{{label}}\r\n        {{#if required}}<small>{{lang 'common.required' }}</small>{{/if}}\r\n    </label>\r\n    <input type=\"text\"\r\n           name=\"{{name}}\"\r\n           id=\"{{id}}_input\"\r\n           class=\"form-input\"\r\n           data-label=\"{{label}}\"\r\n           data-input\r\n           aria-required=\"{{required}}\"\r\n           aria-labelledby=\"{{id}}\"\r\n           aria-live=\"polite\"\r\n           {{#if value}} value=\"{{value}}\"{{/if}}\r\n           {{#if maxlength}}maxlength=\"{{maxlength}}\"{{/if}}\r\n           {{#if placeholder}} placeholder=\"{{placeholder}}\"{{/if}}\r\n           {{#if private_id}}data-field-type=\"{{private_id}}\"{{/if}}\r\n    >\r\n</div>\r\n",
  "components/common/forms/multiline": "<div class=\"form-field\" id=\"{{id}}\" data-validation=\"{{validation}}\">\r\n    <label class=\"form-label\" for=\"{{id}}_input\">{{label}}\r\n        {{#if required}}\r\n            <small>{{lang 'common.required' }}</small>\r\n        {{/if}}\r\n    </label>\r\n    <textarea name=\"{{name}}\"\r\n              id=\"{{id}}_input\"\r\n              data-label=\"{{label}}\"\r\n              rows=\"{{rows}}\"\r\n              aria-required=\"{{required}}\"\r\n              aria-labelledby=\"{{id}}\"\r\n              aria-live=\"polite\"\r\n              data-input\r\n              class=\"form-input\"\r\n              {{#if private_id}}data-field-type=\"{{private_id}}\"{{/if}}\r\n    >{{value}}</textarea>\r\n</div>\r\n",
  "components/common/wallet-buttons": "{{#if wallet_buttons}}\r\n    {{{wallet_buttons}}}\r\n{{/if}}\r\n",
  "components/common/requireness-msg": "<small>\r\n    {{#if required}}\r\n    ({{lang 'common.required'}})\r\n    {{else}}\r\n    {{lang 'common.optional'}}\r\n    {{/if}}\r\n</small>\r\n"
}